<?xml version="1.0" encoding="UTF-8"?>
<feature
      id="com.oracle.jmc.feature.flightrecorder"
      label="%name"
      version="6.0.0.173920"
      provider-name="%provider">

   <description url="%descriptionUrl">
      %description
   </description>

   <copyright>
      %copyright
   </copyright>

   <license url="%licenseUrl">
      %license
   </license>

   <requires>
      <import feature="com.oracle.jmc.feature.core" match="equivalent"/>
   </requires>

   <plugin
         id="com.oracle.jmc.flightrecorder"
         download-size="0"
         install-size="0"
         version="6.0.0.173920"
         unpack="false"/>

   <plugin
         id="com.oracle.jmc.flightrecorder.ui"
         download-size="0"
         install-size="0"
         version="6.0.0.173920"
         unpack="false"/>

   <plugin
         id="com.oracle.jmc.greychart.ui"
         download-size="0"
         install-size="0"
         version="6.0.0.173920"
         unpack="false"/>

   <plugin
         id="com.oracle.jmc.flightrecorder.controlpanel.ui"
         download-size="0"
         install-size="0"
         version="6.0.0.173920"
         unpack="false"/>

   <plugin
         id="com.oracle.jmc.flightrecorder.controlpanel.ui.configuration"
         download-size="0"
         install-size="0"
         version="6.0.0.173920"
         unpack="false"/>

   <plugin
         id="com.oracle.jmc.flightrecorder.configuration"
         download-size="0"
         install-size="0"
         version="6.0.0.173920"
         unpack="false"/>

   <plugin
         id="com.oracle.jmc.javafx.osgi"
         download-size="0"
         install-size="0"
         version="6.0.0.173920"
         unpack="false"/>

   <plugin
         id="com.oracle.jmc.flightrecorder.rules.extensionprovider"
         download-size="0"
         install-size="0"
         version="6.0.0.173920"
         fragment="true"
         unpack="false"/>

   <plugin
         id="com.oracle.jmc.flightrecorder.rules"
         download-size="0"
         install-size="0"
         version="6.0.0.173920"
         unpack="false"/>

   <plugin
         id="com.oracle.jmc.flightrecorder.rules.jdk"
         download-size="0"
         install-size="0"
         version="6.0.0.173920"
         unpack="false"/>

   <plugin
         id="com.oracle.jmc.rjmx.services.jfr"
         download-size="0"
         install-size="0"
         version="6.0.0.173920"
         unpack="false"/>

</feature>
