<?xml version='1.0' encoding='UTF-8'?>
<?artifactRepository version='1.1.0'?>
<repository name='Bundle pool' type='org.eclipse.equinox.p2.artifact.repository.simpleRepository' version='1'>
  <properties size='2'>
    <property name='p2.system' value='true'/>
    <property name='p2.timestamp' value='1509482282606'/>
  </properties>
  <mappings size='3'>
    <rule filter='(&amp; (classifier=osgi.bundle))' output='${repoUrl}/plugins/${id}_${version}.jar'/>
    <rule filter='(&amp; (classifier=binary))' output='${repoUrl}/binary/${id}_${version}'/>
    <rule filter='(&amp; (classifier=org.eclipse.update.feature))' output='${repoUrl}/features/${id}_${version}.jar'/>
  </mappings>
  <artifacts size='401'>
    <artifact classifier='osgi.bundle' id='javax.annotation' version='1.2.0.v201602091430'>
      <properties size='1'>
        <property name='download.size' value='29148'/>
      </properties>
    </artifact>
    <artifact classifier='osgi.bundle' id='com.oracle.jmc.commands' version='6.0.0.173920'>
      <properties size='1'>
        <property name='download.size' value='38731'/>
      </properties>
    </artifact>
    <artifact classifier='osgi.bundle' id='com.oracle.jmc.flightrecorder.rules.extensionprovider' version='6.0.0.173920'>
      <properties size='1'>
        <property name='download.size' value='3467'/>
      </properties>
    </artifact>
    <artifact classifier='osgi.bundle' id='org.eclipse.e4.emf.xpath.nl_ja' version='4.5.0.v20151128060001'>
      <properties size='1'>
        <property name='download.size' value='1577'/>
      </properties>
    </artifact>
    <artifact classifier='osgi.bundle' id='org.eclipse.e4.emf.xpath' version='0.1.200.v20160506-0804'>
      <properties size='1'>
        <property name='download.size' value='50089'/>
      </properties>
    </artifact>
    <artifact classifier='osgi.bundle' id='org.eclipse.ecf.provider.filetransfer' version='3.2.200.v20160405-1820'>
      <properties size='1'>
        <property name='download.size' value='129655'/>
      </properties>
    </artifact>
    <artifact classifier='org.eclipse.update.feature' id='org.eclipse.babel.nls_eclipse_zh' version='4.5.0.v20151128060001'>
      <properties size='1'>
        <property name='download.size' value='28374'/>
      </properties>
      <repositoryProperties size='1'>
        <property name='artifact.folder' value='true'/>
      </repositoryProperties>
    </artifact>
    <artifact classifier='osgi.bundle' id='org.eclipse.equinox.frameworkadmin.equinox' version='1.0.700.v20160102-2223'>
      <properties size='1'>
        <property name='download.size' value='64629'/>
      </properties>
    </artifact>
    <artifact classifier='osgi.bundle' id='org.eclipse.equinox.p2.ui.nl_ja' version='4.5.0.v20151128060001'>
      <properties size='1'>
        <property name='download.size' value='8106'/>
      </properties>
    </artifact>
    <artifact classifier='osgi.bundle' id='org.eclipse.ecf' version='3.8.0.v20160405-1820'>
      <properties size='1'>
        <property name='download.size' value='109531'/>
      </properties>
    </artifact>
    <artifact classifier='osgi.bundle' id='org.eclipse.equinox.p2.core.nl_ja' version='4.5.0.v20151128060001'>
      <properties size='1'>
        <property name='download.size' value='2756'/>
      </properties>
    </artifact>
    <artifact classifier='osgi.bundle' id='com.oracle.jmc.console.ui.diagnostic.ja' version='6.0.0.173920'>
      <properties size='1'>
        <property name='download.size' value='3392'/>
      </properties>
    </artifact>
    <artifact classifier='osgi.bundle' id='org.eclipse.jface.databinding' version='1.8.0.v20160420-2231'>
      <properties size='1'>
        <property name='download.size' value='290956'/>
      </properties>
    </artifact>
    <artifact classifier='osgi.bundle' id='org.eclipse.equinox.simpleconfigurator.manipulator.nl_zh' version='4.5.0.v20151128060001'>
      <properties size='1'>
        <property name='download.size' value='1431'/>
      </properties>
    </artifact>
    <artifact classifier='osgi.bundle' id='org.eclipse.equinox.p2.ui' version='2.4.100.v20160419-0834'>
      <properties size='1'>
        <property name='download.size' value='585105'/>
      </properties>
    </artifact>
    <artifact classifier='osgi.bundle' id='org.eclipse.core.commands.nl_ja' version='4.5.0.v20151128060001'>
      <properties size='1'>
        <property name='download.size' value='1378'/>
      </properties>
    </artifact>
    <artifact classifier='osgi.bundle' id='org.eclipse.swt.nl_ja' version='4.5.0.v20151128060001'>
      <properties size='1'>
        <property name='download.size' value='3547'/>
      </properties>
    </artifact>
    <artifact classifier='osgi.bundle' id='org.tukaani.xz' version='1.3.0.v201308270617'>
      <properties size='1'>
        <property name='download.size' value='109753'/>
      </properties>
    </artifact>
    <artifact classifier='org.eclipse.update.feature' id='org.eclipse.emf.ecore' version='2.12.0.v20160420-0247'>
      <properties size='1'>
        <property name='download.size' value='18266'/>
      </properties>
      <repositoryProperties size='1'>
        <property name='artifact.folder' value='true'/>
      </repositoryProperties>
    </artifact>
    <artifact classifier='osgi.bundle' id='org.apache.batik.css' version='1.7.0.v201011041433'>
      <properties size='1'>
        <property name='download.size' value='356012'/>
      </properties>
    </artifact>
    <artifact classifier='osgi.bundle' id='org.eclipse.help.base' version='4.1.0.v20160815-0911'>
      <properties size='1'>
        <property name='download.size' value='409945'/>
      </properties>
    </artifact>
    <artifact classifier='osgi.bundle' id='org.eclipse.core.databinding.observable.nl_ja' version='4.5.0.v20151128060001'>
      <properties size='1'>
        <property name='download.size' value='1360'/>
      </properties>
    </artifact>
    <artifact classifier='osgi.bundle' id='org.eclipse.equinox.p2.garbagecollector.nl_ja' version='4.5.0.v20151128060001'>
      <properties size='1'>
        <property name='download.size' value='2499'/>
      </properties>
    </artifact>
    <artifact classifier='osgi.bundle' id='org.eclipse.core.commands' version='3.8.0.v20160316-1921'>
      <properties size='1'>
        <property name='download.size' value='115077'/>
      </properties>
    </artifact>
    <artifact classifier='osgi.bundle' id='org.eclipse.ui' version='3.108.0.v20160518-1929'>
      <properties size='1'>
        <property name='download.size' value='396048'/>
      </properties>
    </artifact>
    <artifact classifier='osgi.bundle' id='org.eclipse.ui.nl_ja' version='4.5.0.v20151128060001'>
      <properties size='1'>
        <property name='download.size' value='6501'/>
      </properties>
    </artifact>
    <artifact classifier='org.eclipse.update.feature' id='com.oracle.jmc.feature.core' version='6.0.0.173920'>
      <properties size='1'>
        <property name='download.size' value='7346'/>
      </properties>
      <repositoryProperties size='1'>
        <property name='artifact.folder' value='true'/>
      </repositoryProperties>
    </artifact>
    <artifact classifier='osgi.bundle' id='org.eclipse.equinox.simpleconfigurator.manipulator' version='2.0.200.v20160504-1450'>
      <properties size='1'>
        <property name='download.size' value='26379'/>
      </properties>
    </artifact>
    <artifact classifier='osgi.bundle' id='org.eclipse.text' version='3.6.0.v20160503-1849'>
      <properties size='1'>
        <property name='download.size' value='269227'/>
      </properties>
    </artifact>
    <artifact classifier='osgi.bundle' id='org.eclipse.equinox.p2.metadata.nl_ja' version='4.5.0.v20151128060001'>
      <properties size='1'>
        <property name='download.size' value='2889'/>
      </properties>
    </artifact>
    <artifact classifier='osgi.bundle' id='org.eclipse.equinox.p2.repository' version='2.3.200.v20160421-0324'>
      <properties size='1'>
        <property name='download.size' value='134293'/>
      </properties>
    </artifact>
    <artifact classifier='osgi.bundle' id='org.eclipse.core.databinding.nl_zh' version='4.5.0.v20151128060001'>
      <properties size='1'>
        <property name='download.size' value='2792'/>
      </properties>
    </artifact>
    <artifact classifier='osgi.bundle' id='org.eclipse.equinox.p2.publisher.nl_ja' version='4.5.0.v20151128060001'>
      <properties size='1'>
        <property name='download.size' value='3285'/>
      </properties>
    </artifact>
    <artifact classifier='osgi.bundle' id='org.eclipse.core.databinding.property' version='1.6.0.v20160427-0852'>
      <properties size='1'>
        <property name='download.size' value='196421'/>
      </properties>
    </artifact>
    <artifact classifier='osgi.bundle' id='org.eclipse.ecf.provider.filetransfer.httpclient4' version='1.1.100.v20160405-1820'>
      <properties size='1'>
        <property name='download.size' value='75699'/>
      </properties>
    </artifact>
    <artifact classifier='osgi.bundle' id='com.oracle.jmc.rcp.intro.zh_CN' version='6.0.0.173920'>
      <properties size='1'>
        <property name='download.size' value='3667'/>
      </properties>
    </artifact>
    <artifact classifier='osgi.bundle' id='com.oracle.jmc.rjmx.ui.zh_CN' version='6.0.0.173920'>
      <properties size='1'>
        <property name='download.size' value='8054'/>
      </properties>
    </artifact>
    <artifact classifier='osgi.bundle' id='org.eclipse.ui.net' version='1.3.0.v20160426-1633'>
      <properties size='1'>
        <property name='download.size' value='51165'/>
      </properties>
    </artifact>
    <artifact classifier='osgi.bundle' id='com.oracle.jmc.greychart.ui' version='6.0.0.173920'>
      <properties size='1'>
        <property name='download.size' value='60308'/>
      </properties>
    </artifact>
    <artifact classifier='osgi.bundle' id='org.eclipse.jface' version='3.12.0.v20160518-1929'>
      <properties size='1'>
        <property name='download.size' value='1086650'/>
      </properties>
    </artifact>
    <artifact classifier='osgi.bundle' id='org.eclipse.update.configurator.nl_ja' version='4.5.0.v20151128060001'>
      <properties size='1'>
        <property name='download.size' value='3759'/>
      </properties>
    </artifact>
    <artifact classifier='osgi.bundle' id='org.eclipse.equinox.security.win32.x86_64' version='1.0.100.v20130327-1442'>
      <properties size='1'>
        <property name='download.size' value='35190'/>
      </properties>
    </artifact>
    <artifact classifier='osgi.bundle' id='org.eclipse.emf.ecore.xmi' version='2.12.0.v20160420-0247'>
      <properties size='1'>
        <property name='download.size' value='230424'/>
      </properties>
    </artifact>
    <artifact classifier='osgi.bundle' id='com.oracle.jmc.browser.jdp' version='6.0.0.173920'>
      <properties size='1'>
        <property name='download.size' value='11841'/>
      </properties>
    </artifact>
    <artifact classifier='osgi.bundle' id='com.oracle.jmc.core' version='6.0.0.173920'>
      <properties size='1'>
        <property name='download.size' value='61986'/>
      </properties>
    </artifact>
    <artifact classifier='osgi.bundle' id='org.eclipse.jetty.servlet' version='9.3.9.v20160517'>
      <properties size='1'>
        <property name='download.size' value='126755'/>
      </properties>
    </artifact>
    <artifact classifier='osgi.bundle' id='org.eclipse.equinox.p2.publisher.eclipse' version='1.2.100.v20160504-1450'>
      <properties size='1'>
        <property name='download.size' value='233445'/>
      </properties>
    </artifact>
    <artifact classifier='osgi.bundle' id='org.eclipse.equinox.p2.transport.ecf.nl_zh' version='4.5.0.v20151128060001'>
      <properties size='1'>
        <property name='download.size' value='3538'/>
      </properties>
    </artifact>
    <artifact classifier='osgi.bundle' id='org.eclipse.core.resources.nl_ja' version='4.5.0.v20151128060001'>
      <properties size='1'>
        <property name='download.size' value='10559'/>
      </properties>
    </artifact>
    <artifact classifier='osgi.bundle' id='org.eclipse.equinox.p2.ui.sdk.nl_ja' version='4.5.0.v20151128060001'>
      <properties size='1'>
        <property name='download.size' value='3996'/>
      </properties>
    </artifact>
    <artifact classifier='osgi.bundle' id='org.w3c.dom.events' version='3.0.0.draft20060413_v201105210656'>
      <properties size='1'>
        <property name='download.size' value='18205'/>
      </properties>
    </artifact>
    <artifact classifier='osgi.bundle' id='org.eclipse.equinox.p2.artifact.repository.nl_zh' version='4.5.0.v20151128060001'>
      <properties size='1'>
        <property name='download.size' value='5927'/>
      </properties>
    </artifact>
    <artifact classifier='osgi.bundle' id='org.eclipse.equinox.p2.ui.sdk.scheduler.nl_ja' version='4.5.0.v20151128060001'>
      <properties size='1'>
        <property name='download.size' value='5134'/>
      </properties>
    </artifact>
    <artifact classifier='osgi.bundle' id='org.eclipse.equinox.preferences' version='3.6.0.v20160120-1756'>
      <properties size='1'>
        <property name='download.size' value='133106'/>
      </properties>
    </artifact>
    <artifact classifier='osgi.bundle' id='com.oracle.jmc.browser.attach' version='6.0.0.173920'>
      <properties size='1'>
        <property name='download.size' value='35686'/>
      </properties>
    </artifact>
    <artifact classifier='osgi.bundle' id='org.eclipse.osgi.nl_ja' version='4.5.0.v20151128060001'>
      <properties size='1'>
        <property name='download.size' value='7060'/>
      </properties>
    </artifact>
    <artifact classifier='osgi.bundle' id='org.eclipse.equinox.security.ui' version='1.1.300.v20150803-1225'>
      <properties size='1'>
        <property name='download.size' value='185694'/>
      </properties>
    </artifact>
    <artifact classifier='osgi.bundle' id='org.eclipse.core.databinding.beans.nl_zh' version='4.5.0.v20151128060001'>
      <properties size='1'>
        <property name='download.size' value='1421'/>
      </properties>
    </artifact>
    <artifact classifier='osgi.bundle' id='org.eclipse.equinox.jsp.jasper' version='1.0.500.v20150119-1358'>
      <properties size='1'>
        <property name='download.size' value='27958'/>
      </properties>
    </artifact>
    <artifact classifier='osgi.bundle' id='org.eclipse.equinox.http.jetty' version='3.3.0.v20160324-1850'>
      <properties size='1'>
        <property name='download.size' value='29927'/>
      </properties>
    </artifact>
    <artifact classifier='osgi.bundle' id='org.eclipse.ui.workbench.nl_ja' version='4.5.0.v20151128060001'>
      <properties size='1'>
        <property name='download.size' value='32854'/>
      </properties>
    </artifact>
    <artifact classifier='osgi.bundle' id='org.eclipse.jetty.security' version='9.3.9.v20160517'>
      <properties size='1'>
        <property name='download.size' value='105193'/>
      </properties>
    </artifact>
    <artifact classifier='osgi.bundle' id='org.eclipse.equinox.p2.reconciler.dropins.nl_zh' version='4.5.0.v20151128060001'>
      <properties size='1'>
        <property name='download.size' value='2973'/>
      </properties>
    </artifact>
    <artifact classifier='osgi.bundle' id='org.apache.batik.util' version='1.7.0.v201011041433'>
      <properties size='1'>
        <property name='download.size' value='158140'/>
      </properties>
    </artifact>
    <artifact classifier='osgi.bundle' id='org.eclipse.equinox.p2.garbagecollector' version='1.0.300.v20160504-1450'>
      <properties size='1'>
        <property name='download.size' value='25987'/>
      </properties>
    </artifact>
    <artifact classifier='osgi.bundle' id='org.eclipse.equinox.p2.reconciler.dropins' version='1.1.400.v20160504-1450'>
      <properties size='1'>
        <property name='download.size' value='49357'/>
      </properties>
    </artifact>
    <artifact classifier='osgi.bundle' id='com.oracle.jmc.ui.zh_CN' version='6.0.0.173920'>
      <properties size='1'>
        <property name='download.size' value='13311'/>
      </properties>
    </artifact>
    <artifact classifier='osgi.bundle' id='org.eclipse.ui.workbench' version='3.108.0.v20160602-1232'>
      <properties size='1'>
        <property name='download.size' value='4037195'/>
      </properties>
    </artifact>
    <artifact classifier='osgi.bundle' id='org.eclipse.ecf.filetransfer' version='5.0.0.v20160405-1820'>
      <properties size='1'>
        <property name='download.size' value='53447'/>
      </properties>
    </artifact>
    <artifact classifier='osgi.bundle' id='org.eclipse.equinox.p2.transport.ecf' version='1.1.200.v20160606-1311'>
      <properties size='1'>
        <property name='download.size' value='43595'/>
      </properties>
    </artifact>
    <artifact classifier='osgi.bundle' id='com.oracle.jmc.flightrecorder' version='6.0.0.173920'>
      <properties size='1'>
        <property name='download.size' value='352848'/>
      </properties>
    </artifact>
    <artifact classifier='osgi.bundle' id='com.oracle.jmc.flightrecorder.controlpanel.ui.zh_CN' version='6.0.0.173920'>
      <properties size='1'>
        <property name='download.size' value='7575'/>
      </properties>
    </artifact>
    <artifact classifier='osgi.bundle' id='org.eclipse.equinox.p2.console.nl_zh' version='4.5.0.v20151128060001'>
      <properties size='1'>
        <property name='download.size' value='2420'/>
      </properties>
    </artifact>
    <artifact classifier='osgi.bundle' id='org.eclipse.equinox.p2.touchpoint.eclipse.nl_zh' version='4.5.0.v20151128060001'>
      <properties size='1'>
        <property name='download.size' value='3936'/>
      </properties>
    </artifact>
    <artifact classifier='osgi.bundle' id='org.eclipse.equinox.p2.director.nl_zh' version='4.5.0.v20151128060001'>
      <properties size='1'>
        <property name='download.size' value='2633'/>
      </properties>
    </artifact>
    <artifact classifier='org.eclipse.update.feature' id='org.eclipse.ecf.filetransfer.ssl.feature' version='1.1.0.v20160405-1820'>
      <properties size='1'>
        <property name='download.size' value='23355'/>
      </properties>
      <repositoryProperties size='1'>
        <property name='artifact.folder' value='true'/>
      </repositoryProperties>
    </artifact>
    <artifact classifier='org.eclipse.update.feature' id='com.oracle.jmc.feature.rcp.zh_CN' version='6.0.0.173920'>
      <properties size='1'>
        <property name='download.size' value='7342'/>
      </properties>
      <repositoryProperties size='1'>
        <property name='artifact.folder' value='true'/>
      </repositoryProperties>
    </artifact>
    <artifact classifier='osgi.bundle' id='org.eclipse.equinox.p2.touchpoint.natives.nl_ja' version='4.5.0.v20151128060001'>
      <properties size='1'>
        <property name='download.size' value='3990'/>
      </properties>
    </artifact>
    <artifact classifier='osgi.bundle' id='org.eclipse.jface.nl_zh' version='4.5.0.v20151128060001'>
      <properties size='1'>
        <property name='download.size' value='5577'/>
      </properties>
    </artifact>
    <artifact classifier='osgi.bundle' id='org.eclipse.equinox.launcher.win32.win32.x86_64.nl_ja' version='4.5.0.v20151128060001'>
      <properties size='1'>
        <property name='download.size' value='1514'/>
      </properties>
    </artifact>
    <artifact classifier='osgi.bundle' id='org.eclipse.e4.ui.services.nl_ja' version='4.5.0.v20151128060001'>
      <properties size='1'>
        <property name='download.size' value='1410'/>
      </properties>
    </artifact>
    <artifact classifier='osgi.bundle' id='org.eclipse.equinox.security' version='1.2.200.v20150715-1528'>
      <properties size='1'>
        <property name='download.size' value='109222'/>
      </properties>
    </artifact>
    <artifact classifier='osgi.bundle' id='org.eclipse.core.expressions' version='3.5.100.v20160418-1621'>
      <properties size='1'>
        <property name='download.size' value='91504'/>
      </properties>
    </artifact>
    <artifact classifier='osgi.bundle' id='org.eclipse.equinox.p2.jarprocessor.nl_ja' version='4.5.0.v20151128060001'>
      <properties size='1'>
        <property name='download.size' value='1356'/>
      </properties>
    </artifact>
    <artifact classifier='osgi.bundle' id='org.eclipse.e4.ui.workbench.swt.nl_ja' version='4.5.0.v20151128060001'>
      <properties size='1'>
        <property name='download.size' value='3634'/>
      </properties>
    </artifact>
    <artifact classifier='osgi.bundle' id='org.apache.jasper.glassfish' version='2.2.2.v201501141630'>
      <properties size='1'>
        <property name='download.size' value='2435771'/>
      </properties>
    </artifact>
    <artifact classifier='osgi.bundle' id='org.eclipse.equinox.p2.engine.nl_ja' version='4.5.0.v20151128060001'>
      <properties size='1'>
        <property name='download.size' value='4505'/>
      </properties>
    </artifact>
    <artifact classifier='osgi.bundle' id='com.oracle.jmc.rjmx.ext' version='6.0.0.173920'>
      <properties size='1'>
        <property name='download.size' value='6696'/>
      </properties>
    </artifact>
    <artifact classifier='osgi.bundle' id='org.eclipse.equinox.launcher.nl_ja' version='4.5.0.v20151128060001'>
      <properties size='1'>
        <property name='download.size' value='1396'/>
      </properties>
    </artifact>
    <artifact classifier='osgi.bundle' id='org.eclipse.help.webapp.nl_ja' version='4.5.0.v20151128060001'>
      <properties size='1'>
        <property name='download.size' value='6262'/>
      </properties>
    </artifact>
    <artifact classifier='osgi.bundle' id='org.eclipse.e4.ui.css.swt.nl_ja' version='4.5.0.v20151128060001'>
      <properties size='1'>
        <property name='download.size' value='1388'/>
      </properties>
    </artifact>
    <artifact classifier='osgi.bundle' id='org.eclipse.equinox.p2.console' version='1.0.500.v20160504-1450'>
      <properties size='1'>
        <property name='download.size' value='28420'/>
      </properties>
    </artifact>
    <artifact classifier='osgi.bundle' id='org.eclipse.equinox.simpleconfigurator' version='1.1.200.v20160504-1450'>
      <properties size='1'>
        <property name='download.size' value='44424'/>
      </properties>
    </artifact>
    <artifact classifier='osgi.bundle' id='com.oracle.jmc.browser.attach.ja' version='6.0.0.173920'>
      <properties size='1'>
        <property name='download.size' value='4224'/>
      </properties>
    </artifact>
    <artifact classifier='osgi.bundle' id='org.eclipse.equinox.p2.directorywatcher.nl_ja' version='4.5.0.v20151128060001'>
      <properties size='1'>
        <property name='download.size' value='3033'/>
      </properties>
    </artifact>
    <artifact classifier='osgi.bundle' id='org.eclipse.ecf.identity' version='3.7.0.v20160405-1820'>
      <properties size='1'>
        <property name='download.size' value='63527'/>
      </properties>
    </artifact>
    <artifact classifier='osgi.bundle' id='com.ibm.icu' version='56.1.0.v201601250100'>
      <properties size='1'>
        <property name='download.size' value='11365876'/>
      </properties>
    </artifact>
    <artifact classifier='osgi.bundle' id='org.eclipse.emf.ecore' version='2.12.0.v20160420-0247'>
      <properties size='1'>
        <property name='download.size' value='1190945'/>
      </properties>
    </artifact>
    <artifact classifier='osgi.bundle' id='com.oracle.jmc.rcp.application' version='6.0.0.173920'>
      <properties size='1'>
        <property name='download.size' value='1887224'/>
      </properties>
    </artifact>
    <artifact classifier='osgi.bundle' id='org.eclipse.help.base.nl_zh' version='4.5.0.v20151128060001'>
      <properties size='1'>
        <property name='download.size' value='3888'/>
      </properties>
    </artifact>
    <artifact classifier='osgi.bundle' id='com.oracle.jmc.javafx.osgi' version='6.0.0.173920'>
      <properties size='1'>
        <property name='download.size' value='22253'/>
      </properties>
    </artifact>
    <artifact classifier='osgi.bundle' id='org.eclipse.e4.ui.workbench3' version='0.13.100.v20160506-0759'>
      <properties size='1'>
        <property name='download.size' value='10954'/>
      </properties>
    </artifact>
    <artifact classifier='osgi.bundle' id='org.eclipse.core.resources' version='3.11.0.v20160503-1608'>
      <properties size='1'>
        <property name='download.size' value='882636'/>
      </properties>
    </artifact>
    <artifact classifier='osgi.bundle' id='org.eclipse.e4.ui.model.workbench' version='1.2.0.v20160229-1459'>
      <properties size='1'>
        <property name='download.size' value='385199'/>
      </properties>
    </artifact>
    <artifact classifier='osgi.bundle' id='com.oracle.jmc.console.ui.zh_CN' version='6.0.0.173920'>
      <properties size='1'>
        <property name='download.size' value='9133'/>
      </properties>
    </artifact>
    <artifact classifier='osgi.bundle' id='com.oracle.jmc.p2.ui.overridden' version='5.5.0.173920'>
      <properties size='1'>
        <property name='download.size' value='3768'/>
      </properties>
    </artifact>
    <artifact classifier='osgi.bundle' id='org.eclipse.e4.core.di.extensions' version='0.14.0.v20160211-1614'>
      <properties size='1'>
        <property name='download.size' value='27795'/>
      </properties>
    </artifact>
    <artifact classifier='org.eclipse.update.feature' id='org.eclipse.ecf.filetransfer.httpclient4.ssl.feature' version='1.1.0.v20160405-1820'>
      <properties size='1'>
        <property name='download.size' value='27422'/>
      </properties>
      <repositoryProperties size='1'>
        <property name='artifact.folder' value='true'/>
      </repositoryProperties>
    </artifact>
    <artifact classifier='osgi.bundle' id='org.eclipse.e4.ui.workbench3.nl_ja' version='4.5.0.v20151128060001'>
      <properties size='1'>
        <property name='download.size' value='1355'/>
      </properties>
    </artifact>
    <artifact classifier='osgi.bundle' id='org.eclipse.equinox.p2.publisher.eclipse.nl_ja' version='4.5.0.v20151128060001'>
      <properties size='1'>
        <property name='download.size' value='3732'/>
      </properties>
    </artifact>
    <artifact classifier='osgi.bundle' id='org.eclipse.jface.text.nl_ja' version='4.5.0.v20151128060001'>
      <properties size='1'>
        <property name='download.size' value='13259'/>
      </properties>
    </artifact>
    <artifact classifier='osgi.bundle' id='org.eclipse.jetty.server' version='9.3.9.v20160517'>
      <properties size='1'>
        <property name='download.size' value='512378'/>
      </properties>
    </artifact>
    <artifact classifier='osgi.bundle' id='com.oracle.jmc.flightrecorder.ui' version='6.0.0.173920'>
      <properties size='1'>
        <property name='download.size' value='968098'/>
      </properties>
    </artifact>
    <artifact classifier='osgi.bundle' id='org.eclipse.help' version='3.7.0.v20160602-1307'>
      <properties size='1'>
        <property name='download.size' value='269916'/>
      </properties>
    </artifact>
    <artifact classifier='osgi.bundle' id='com.oracle.jmc.console.ui' version='6.0.0.173920'>
      <properties size='1'>
        <property name='download.size' value='193546'/>
      </properties>
    </artifact>
    <artifact classifier='osgi.bundle' id='org.eclipse.equinox.bidi' version='1.0.0.v20160307-1318'>
      <properties size='1'>
        <property name='download.size' value='49755'/>
      </properties>
    </artifact>
    <artifact classifier='org.eclipse.update.feature' id='org.eclipse.ecf.core.feature' version='1.3.0.v20160405-1820'>
      <properties size='1'>
        <property name='download.size' value='19246'/>
      </properties>
      <repositoryProperties size='1'>
        <property name='artifact.folder' value='true'/>
      </repositoryProperties>
    </artifact>
    <artifact classifier='osgi.bundle' id='org.eclipse.equinox.jsp.jasper.registry' version='1.0.300.v20130327-1442'>
      <properties size='1'>
        <property name='download.size' value='11992'/>
      </properties>
    </artifact>
    <artifact classifier='osgi.bundle' id='org.eclipse.osgi.compatibility.state.nl_ja' version='4.5.0.v20151128060001'>
      <properties size='1'>
        <property name='download.size' value='3257'/>
      </properties>
    </artifact>
    <artifact classifier='osgi.bundle' id='org.eclipse.core.databinding.beans.nl_ja' version='4.5.0.v20151128060001'>
      <properties size='1'>
        <property name='download.size' value='1416'/>
      </properties>
    </artifact>
    <artifact classifier='osgi.bundle' id='com.oracle.jmc.rcp.application.ja' version='6.0.0.173920'>
      <properties size='1'>
        <property name='download.size' value='3526'/>
      </properties>
    </artifact>
    <artifact classifier='osgi.bundle' id='org.eclipse.equinox.launcher.win32.win32.x86_64.nl_zh' version='4.5.0.v20151128060001'>
      <properties size='1'>
        <property name='download.size' value='1520'/>
      </properties>
    </artifact>
    <artifact classifier='org.eclipse.update.feature' id='org.eclipse.help' version='2.2.0.v20160815-0911'>
      <properties size='1'>
        <property name='download.size' value='12776'/>
      </properties>
      <repositoryProperties size='1'>
        <property name='artifact.folder' value='true'/>
      </repositoryProperties>
    </artifact>
    <artifact classifier='osgi.bundle' id='org.eclipse.jface.databinding.nl_zh' version='4.5.0.v20151128060001'>
      <properties size='1'>
        <property name='download.size' value='1428'/>
      </properties>
    </artifact>
    <artifact classifier='osgi.bundle' id='org.w3c.dom.svg' version='1.1.0.v201011041433'>
      <properties size='1'>
        <property name='download.size' value='97382'/>
      </properties>
    </artifact>
    <artifact classifier='osgi.bundle' id='org.eclipse.e4.ui.model.workbench.nl_ja' version='4.5.0.v20151128060001'>
      <properties size='1'>
        <property name='download.size' value='1473'/>
      </properties>
    </artifact>
    <artifact classifier='osgi.bundle' id='org.eclipse.equinox.p2.repository.nl_ja' version='4.5.0.v20151128060001'>
      <properties size='1'>
        <property name='download.size' value='6039'/>
      </properties>
    </artifact>
    <artifact classifier='osgi.bundle' id='org.eclipse.ui.intro.nl_zh' version='4.5.0.v20151128060001'>
      <properties size='1'>
        <property name='download.size' value='3937'/>
      </properties>
    </artifact>
    <artifact classifier='osgi.bundle' id='org.eclipse.e4.ui.di' version='1.1.100.v20160506-0759'>
      <properties size='1'>
        <property name='download.size' value='16800'/>
      </properties>
    </artifact>
    <artifact classifier='osgi.bundle' id='com.oracle.jmc.console.ui.diagnostic.zh_CN' version='6.0.0.173920'>
      <properties size='1'>
        <property name='download.size' value='3468'/>
      </properties>
    </artifact>
    <artifact classifier='osgi.bundle' id='org.eclipse.ui.workbench.nl_zh' version='4.5.0.v20151128060001'>
      <properties size='1'>
        <property name='download.size' value='29898'/>
      </properties>
    </artifact>
    <artifact classifier='osgi.bundle' id='org.apache.commons.jxpath' version='1.3.0.v200911051830'>
      <properties size='1'>
        <property name='download.size' value='315491'/>
      </properties>
    </artifact>
    <artifact classifier='osgi.bundle' id='org.eclipse.equinox.p2.publisher.eclipse.nl_zh' version='4.5.0.v20151128060001'>
      <properties size='1'>
        <property name='download.size' value='3570'/>
      </properties>
    </artifact>
    <artifact classifier='osgi.bundle' id='org.eclipse.e4.ui.css.swt.theme.nl_zh' version='4.5.0.v20151128060001'>
      <properties size='1'>
        <property name='download.size' value='1434'/>
      </properties>
    </artifact>
    <artifact classifier='osgi.bundle' id='org.eclipse.e4.core.commands.nl_zh' version='4.5.0.v20151128060001'>
      <properties size='1'>
        <property name='download.size' value='1405'/>
      </properties>
    </artifact>
    <artifact classifier='osgi.bundle' id='com.oracle.jmc.flightrecorder.rules' version='6.0.0.173920'>
      <properties size='1'>
        <property name='download.size' value='40206'/>
      </properties>
    </artifact>
    <artifact classifier='osgi.bundle' id='org.eclipse.ui.forms.nl_ja' version='4.5.0.v20151128060001'>
      <properties size='1'>
        <property name='download.size' value='2465'/>
      </properties>
    </artifact>
    <artifact classifier='osgi.bundle' id='org.eclipse.ui.views.nl_ja' version='4.5.0.v20151128060001'>
      <properties size='1'>
        <property name='download.size' value='3432'/>
      </properties>
    </artifact>
    <artifact classifier='osgi.bundle' id='org.eclipse.e4.ui.di.nl_zh' version='4.5.0.v20151128060001'>
      <properties size='1'>
        <property name='download.size' value='1405'/>
      </properties>
    </artifact>
    <artifact classifier='osgi.bundle' id='org.eclipse.osgi.nl_zh' version='4.5.0.v20151128060001'>
      <properties size='1'>
        <property name='download.size' value='6196'/>
      </properties>
    </artifact>
    <artifact classifier='osgi.bundle' id='org.eclipse.jetty.http' version='9.3.9.v20160517'>
      <properties size='1'>
        <property name='download.size' value='159462'/>
      </properties>
    </artifact>
    <artifact classifier='osgi.bundle' id='org.eclipse.e4.ui.css.core' version='0.12.0.v20160505-1310'>
      <properties size='1'>
        <property name='download.size' value='215801'/>
      </properties>
    </artifact>
    <artifact classifier='osgi.bundle' id='com.oracle.jmc.jdp' version='6.0.0.173920'>
      <properties size='1'>
        <property name='download.size' value='20626'/>
      </properties>
    </artifact>
    <artifact classifier='osgi.bundle' id='org.apache.felix.gogo.shell' version='0.10.0.v201212101605'>
      <properties size='1'>
        <property name='download.size' value='60225'/>
      </properties>
    </artifact>
    <artifact classifier='osgi.bundle' id='org.eclipse.equinox.p2.engine' version='2.4.100.v20160419-0834'>
      <properties size='1'>
        <property name='download.size' value='207690'/>
      </properties>
    </artifact>
    <artifact classifier='osgi.bundle' id='org.eclipse.ecf.ssl' version='1.2.0.v20160405-1820'>
      <properties size='1'>
        <property name='download.size' value='15039'/>
      </properties>
    </artifact>
    <artifact classifier='osgi.bundle' id='org.eclipse.e4.ui.dialogs.nl_ja' version='4.5.0.v20151128060001'>
      <properties size='1'>
        <property name='download.size' value='2451'/>
      </properties>
    </artifact>
    <artifact classifier='osgi.bundle' id='org.eclipse.equinox.p2.ui.sdk' version='1.0.400.v20150423-1455'>
      <properties size='1'>
        <property name='download.size' value='48345'/>
      </properties>
    </artifact>
    <artifact classifier='osgi.bundle' id='com.oracle.jmc.browser.zh_CN' version='6.0.0.173920'>
      <properties size='1'>
        <property name='download.size' value='6932'/>
      </properties>
    </artifact>
    <artifact classifier='osgi.bundle' id='org.eclipse.equinox.p2.transport.ecf.nl_ja' version='4.5.0.v20151128060001'>
      <properties size='1'>
        <property name='download.size' value='3747'/>
      </properties>
    </artifact>
    <artifact classifier='osgi.bundle' id='org.eclipse.e4.ui.bindings.nl_ja' version='4.5.0.v20151128060001'>
      <properties size='1'>
        <property name='download.size' value='1353'/>
      </properties>
    </artifact>
    <artifact classifier='osgi.bundle' id='com.oracle.jmc.flightrecorder.controlpanel.ui.configuration' version='6.0.0.173920'>
      <properties size='1'>
        <property name='download.size' value='138570'/>
      </properties>
    </artifact>
    <artifact classifier='osgi.bundle' id='org.eclipse.equinox.console' version='1.1.200.v20150929-1405'>
      <properties size='1'>
        <property name='download.size' value='120560'/>
      </properties>
    </artifact>
    <artifact classifier='osgi.bundle' id='org.eclipse.e4.ui.bindings' version='0.11.100.v20160509-1025'>
      <properties size='1'>
        <property name='download.size' value='50737'/>
      </properties>
    </artifact>
    <artifact classifier='osgi.bundle' id='org.eclipse.equinox.p2.updatechecker.nl_zh' version='4.5.0.v20151128060001'>
      <properties size='1'>
        <property name='download.size' value='1368'/>
      </properties>
    </artifact>
    <artifact classifier='osgi.bundle' id='org.eclipse.equinox.p2.garbagecollector.nl_zh' version='4.5.0.v20151128060001'>
      <properties size='1'>
        <property name='download.size' value='2492'/>
      </properties>
    </artifact>
    <artifact classifier='osgi.bundle' id='org.eclipse.ui.win32.nl_ja' version='4.5.0.v20151128060001'>
      <properties size='1'>
        <property name='download.size' value='2702'/>
      </properties>
    </artifact>
    <artifact classifier='osgi.bundle' id='org.eclipse.equinox.frameworkadmin.nl_zh' version='4.5.0.v20151128060001'>
      <properties size='1'>
        <property name='download.size' value='1410'/>
      </properties>
    </artifact>
    <artifact classifier='osgi.bundle' id='org.eclipse.update.configurator' version='3.3.400.v20160506-0750'>
      <properties size='1'>
        <property name='download.size' value='102634'/>
      </properties>
    </artifact>
    <artifact classifier='osgi.bundle' id='org.apache.commons.logging' version='1.1.1.v201101211721'>
      <properties size='1'>
        <property name='download.size' value='73633'/>
      </properties>
    </artifact>
    <artifact classifier='osgi.bundle' id='org.eclipse.core.databinding.property.nl_zh' version='4.5.0.v20151128060001'>
      <properties size='1'>
        <property name='download.size' value='1420'/>
      </properties>
    </artifact>
    <artifact classifier='osgi.bundle' id='com.sun.el' version='2.2.0.v201303151357'>
      <properties size='1'>
        <property name='download.size' value='136435'/>
      </properties>
    </artifact>
    <artifact classifier='osgi.bundle' id='org.eclipse.osgi.services.nl_ja' version='4.5.0.v20151128060001'>
      <properties size='1'>
        <property name='download.size' value='1349'/>
      </properties>
    </artifact>
    <artifact classifier='osgi.bundle' id='org.eclipse.text.nl_ja' version='4.5.0.v20151128060001'>
      <properties size='1'>
        <property name='download.size' value='4587'/>
      </properties>
    </artifact>
    <artifact classifier='osgi.bundle' id='org.apache.felix.gogo.command' version='0.10.0.v201209301215'>
      <properties size='1'>
        <property name='download.size' value='57040'/>
      </properties>
    </artifact>
    <artifact classifier='osgi.bundle' id='com.oracle.jmc.console.persistence.zh_CN' version='6.0.0.173920'>
      <properties size='1'>
        <property name='download.size' value='15028'/>
      </properties>
    </artifact>
    <artifact classifier='osgi.bundle' id='org.eclipse.equinox.p2.touchpoint.eclipse' version='2.1.400.v20160419-0834'>
      <properties size='1'>
        <property name='download.size' value='128908'/>
      </properties>
    </artifact>
    <artifact classifier='osgi.bundle' id='org.eclipse.equinox.common' version='3.8.0.v20160509-1230'>
      <properties size='1'>
        <property name='download.size' value='120435'/>
      </properties>
    </artifact>
    <artifact classifier='osgi.bundle' id='org.eclipse.swt.win32.win32.x86_64.nl_zh' version='4.5.0.v20151128060001'>
      <properties size='1'>
        <property name='download.size' value='1467'/>
      </properties>
    </artifact>
    <artifact classifier='osgi.bundle' id='org.eclipse.e4.core.contexts' version='1.5.0.v20160504-0909'>
      <properties size='1'>
        <property name='download.size' value='48129'/>
      </properties>
    </artifact>
    <artifact classifier='osgi.bundle' id='org.eclipse.equinox.registry' version='3.6.100.v20160223-2218'>
      <properties size='1'>
        <property name='download.size' value='186860'/>
      </properties>
    </artifact>
    <artifact classifier='osgi.bundle' id='javax.servlet' version='3.1.0.v201410161800'>
      <properties size='1'>
        <property name='download.size' value='105237'/>
      </properties>
    </artifact>
    <artifact classifier='osgi.bundle' id='org.eclipse.equinox.p2.operations.nl_zh' version='4.5.0.v20151128060001'>
      <properties size='1'>
        <property name='download.size' value='2883'/>
      </properties>
    </artifact>
    <artifact classifier='osgi.bundle' id='org.eclipse.core.databinding.beans' version='1.3.100.v20160509-1025'>
      <properties size='1'>
        <property name='download.size' value='80155'/>
      </properties>
    </artifact>
    <artifact classifier='osgi.bundle' id='org.eclipse.equinox.p2.extensionlocation.nl_zh' version='4.5.0.v20151128060001'>
      <properties size='1'>
        <property name='download.size' value='2731'/>
      </properties>
    </artifact>
    <artifact classifier='osgi.bundle' id='com.oracle.jmc.flightrecorder.controlpanel.ui.ja' version='6.0.0.173920'>
      <properties size='1'>
        <property name='download.size' value='7910'/>
      </properties>
    </artifact>
    <artifact classifier='osgi.bundle' id='org.eclipse.e4.ui.widgets.nl_ja' version='4.5.0.v20151128060001'>
      <properties size='1'>
        <property name='download.size' value='1351'/>
      </properties>
    </artifact>
    <artifact classifier='osgi.bundle' id='org.eclipse.help.ui.nl_ja' version='4.5.0.v20151128060001'>
      <properties size='1'>
        <property name='download.size' value='6834'/>
      </properties>
    </artifact>
    <artifact classifier='osgi.bundle' id='com.oracle.jmc.greychartplugin' version='6.0.0.173920'>
      <properties size='1'>
        <property name='download.size' value='130345'/>
      </properties>
    </artifact>
    <artifact classifier='osgi.bundle' id='org.w3c.dom.smil' version='1.0.1.v200903091627'>
      <properties size='1'>
        <property name='download.size' value='20106'/>
      </properties>
    </artifact>
    <artifact classifier='osgi.bundle' id='org.eclipse.e4.ui.workbench.addons.swt.nl_zh' version='4.5.0.v20151128060001'>
      <properties size='1'>
        <property name='download.size' value='2816'/>
      </properties>
    </artifact>
    <artifact classifier='osgi.bundle' id='org.eclipse.core.filesystem.win32.x86_64.nl_zh' version='4.5.0.v20151128060001'>
      <properties size='1'>
        <property name='download.size' value='1475'/>
      </properties>
    </artifact>
    <artifact classifier='osgi.bundle' id='com.oracle.jmc.console.persistence.ja' version='6.0.0.173920'>
      <properties size='1'>
        <property name='download.size' value='15364'/>
      </properties>
    </artifact>
    <artifact classifier='osgi.bundle' id='com.oracle.jmc.browser.ja' version='6.0.0.173920'>
      <properties size='1'>
        <property name='download.size' value='7165'/>
      </properties>
    </artifact>
    <artifact classifier='osgi.bundle' id='org.eclipse.equinox.http.servlet' version='1.3.0.v20160517-1559'>
      <properties size='1'>
        <property name='download.size' value='185715'/>
      </properties>
    </artifact>
    <artifact classifier='osgi.bundle' id='org.eclipse.e4.ui.workbench.nl_ja' version='4.5.0.v20151128060001'>
      <properties size='1'>
        <property name='download.size' value='1463'/>
      </properties>
    </artifact>
    <artifact classifier='osgi.bundle' id='org.eclipse.equinox.ds' version='1.4.400.v20160226-2036'>
      <properties size='1'>
        <property name='download.size' value='196894'/>
      </properties>
    </artifact>
    <artifact classifier='osgi.bundle' id='org.eclipse.e4.ui.workbench.addons.swt' version='1.2.100.v20160506-0759'>
      <properties size='1'>
        <property name='download.size' value='151908'/>
      </properties>
    </artifact>
    <artifact classifier='osgi.bundle' id='org.eclipse.equinox.simpleconfigurator.nl_ja' version='4.5.0.v20151128060001'>
      <properties size='1'>
        <property name='download.size' value='1359'/>
      </properties>
    </artifact>
    <artifact classifier='osgi.bundle' id='org.eclipse.e4.ui.workbench.renderers.swt.nl_ja' version='4.5.0.v20151128060001'>
      <properties size='1'>
        <property name='download.size' value='3737'/>
      </properties>
    </artifact>
    <artifact classifier='osgi.bundle' id='org.eclipse.equinox.launcher.win32.win32.x86_64' version='1.1.400.v20160701-1418'>
      <properties size='1'>
        <property name='download.size' value='26069'/>
      </properties>
      <repositoryProperties size='1'>
        <property name='artifact.folder' value='true'/>
      </repositoryProperties>
    </artifact>
    <artifact classifier='osgi.bundle' id='org.eclipse.core.net.nl_zh' version='4.5.0.v20151128060001'>
      <properties size='1'>
        <property name='download.size' value='2293'/>
      </properties>
    </artifact>
    <artifact classifier='osgi.bundle' id='org.w3c.css.sac' version='1.3.1.v200903091627'>
      <properties size='1'>
        <property name='download.size' value='38584'/>
      </properties>
    </artifact>
    <artifact classifier='org.eclipse.update.feature' id='org.eclipse.ecf.core.ssl.feature' version='1.1.0.v20160405-1820'>
      <properties size='1'>
        <property name='download.size' value='19220'/>
      </properties>
      <repositoryProperties size='1'>
        <property name='artifact.folder' value='true'/>
      </repositoryProperties>
    </artifact>
    <artifact classifier='osgi.bundle' id='org.eclipse.ui.net.nl_zh' version='4.5.0.v20151128060001'>
      <properties size='1'>
        <property name='download.size' value='2850'/>
      </properties>
    </artifact>
    <artifact classifier='osgi.bundle' id='org.eclipse.core.net' version='1.3.0.v20160418-1534'>
      <properties size='1'>
        <property name='download.size' value='74341'/>
      </properties>
    </artifact>
    <artifact classifier='org.eclipse.update.feature' id='com.oracle.jmc.feature.console' version='6.0.0.173920'>
      <properties size='1'>
        <property name='download.size' value='7209'/>
      </properties>
      <repositoryProperties size='1'>
        <property name='artifact.folder' value='true'/>
      </repositoryProperties>
    </artifact>
    <artifact classifier='osgi.bundle' id='org.eclipse.equinox.p2.console.nl_ja' version='4.5.0.v20151128060001'>
      <properties size='1'>
        <property name='download.size' value='2746'/>
      </properties>
    </artifact>
    <artifact classifier='osgi.bundle' id='com.oracle.jmc.alert.zh_CN' version='6.0.0.173920'>
      <properties size='1'>
        <property name='download.size' value='2473'/>
      </properties>
    </artifact>
    <artifact classifier='osgi.bundle' id='com.oracle.jmc.console.ui.mbeanbrowser.zh_CN' version='6.0.0.173920'>
      <properties size='1'>
        <property name='download.size' value='6081'/>
      </properties>
    </artifact>
    <artifact classifier='osgi.bundle' id='org.eclipse.swt.win32.win32.x86_64' version='3.105.0.v20160603-0902'>
      <properties size='1'>
        <property name='download.size' value='2871565'/>
      </properties>
    </artifact>
    <artifact classifier='osgi.bundle' id='org.eclipse.core.commands.nl_zh' version='4.5.0.v20151128060001'>
      <properties size='1'>
        <property name='download.size' value='1384'/>
      </properties>
    </artifact>
    <artifact classifier='osgi.bundle' id='org.eclipse.e4.core.di' version='1.6.0.v20160319-0612'>
      <properties size='1'>
        <property name='download.size' value='54611'/>
      </properties>
    </artifact>
    <artifact classifier='osgi.bundle' id='org.eclipse.update.configurator.nl_zh' version='4.5.0.v20151128060001'>
      <properties size='1'>
        <property name='download.size' value='3505'/>
      </properties>
    </artifact>
    <artifact classifier='osgi.bundle' id='org.sat4j.core' version='2.3.5.v201308161310'>
      <properties size='1'>
        <property name='download.size' value='362968'/>
      </properties>
    </artifact>
    <artifact classifier='osgi.bundle' id='com.oracle.jmc.rjmx.ui' version='6.0.0.173920'>
      <properties size='1'>
        <property name='download.size' value='317319'/>
      </properties>
    </artifact>
    <artifact classifier='osgi.bundle' id='org.eclipse.core.databinding.observable' version='1.6.0.v20160511-1747'>
      <properties size='1'>
        <property name='download.size' value='354911'/>
      </properties>
    </artifact>
    <artifact classifier='osgi.bundle' id='org.eclipse.equinox.simpleconfigurator.manipulator.nl_ja' version='4.5.0.v20151128060001'>
      <properties size='1'>
        <property name='download.size' value='1368'/>
      </properties>
    </artifact>
    <artifact classifier='osgi.bundle' id='org.eclipse.core.databinding' version='1.6.0.v20160412-0910'>
      <properties size='1'>
        <property name='download.size' value='204409'/>
      </properties>
    </artifact>
    <artifact classifier='osgi.bundle' id='org.eclipse.core.databinding.nl_ja' version='4.5.0.v20151128060001'>
      <properties size='1'>
        <property name='download.size' value='2868'/>
      </properties>
    </artifact>
    <artifact classifier='osgi.bundle' id='org.eclipse.equinox.p2.metadata.nl_zh' version='4.5.0.v20151128060001'>
      <properties size='1'>
        <property name='download.size' value='2423'/>
      </properties>
    </artifact>
    <artifact classifier='osgi.bundle' id='com.oracle.jmc.flightrecorder.rules.jdk' version='6.0.0.173920'>
      <properties size='1'>
        <property name='download.size' value='307312'/>
      </properties>
    </artifact>
    <artifact classifier='osgi.bundle' id='org.eclipse.equinox.p2.jarprocessor.nl_zh' version='4.5.0.v20151128060001'>
      <properties size='1'>
        <property name='download.size' value='1370'/>
      </properties>
    </artifact>
    <artifact classifier='osgi.bundle' id='org.eclipse.core.filesystem.win32.x86_64.nl_ja' version='4.5.0.v20151128060001'>
      <properties size='1'>
        <property name='download.size' value='1470'/>
      </properties>
    </artifact>
    <artifact classifier='osgi.bundle' id='org.eclipse.equinox.p2.core' version='2.4.100.v20160419-0834'>
      <properties size='1'>
        <property name='download.size' value='73322'/>
      </properties>
    </artifact>
    <artifact classifier='osgi.bundle' id='com.oracle.jmc.rjmx.zh_CN' version='6.0.0.173920'>
      <properties size='1'>
        <property name='download.size' value='9812'/>
      </properties>
    </artifact>
    <artifact classifier='osgi.bundle' id='com.oracle.jmc.rcp.application.zh_CN' version='6.0.0.173920'>
      <properties size='1'>
        <property name='download.size' value='3360'/>
      </properties>
    </artifact>
    <artifact classifier='osgi.bundle' id='org.eclipse.ui.forms' version='3.7.0.v20160518-1929'>
      <properties size='1'>
        <property name='download.size' value='348108'/>
      </properties>
    </artifact>
    <artifact classifier='osgi.bundle' id='org.eclipse.equinox.app' version='1.3.400.v20150715-1528'>
      <properties size='1'>
        <property name='download.size' value='87568'/>
      </properties>
    </artifact>
    <artifact classifier='osgi.bundle' id='org.eclipse.help.nl_zh' version='4.5.0.v20151128060001'>
      <properties size='1'>
        <property name='download.size' value='1534'/>
      </properties>
    </artifact>
    <artifact classifier='osgi.bundle' id='org.eclipse.core.jobs' version='3.8.0.v20160509-0411'>
      <properties size='1'>
        <property name='download.size' value='111093'/>
      </properties>
    </artifact>
    <artifact classifier='osgi.bundle' id='org.eclipse.core.databinding.observable.nl_zh' version='4.5.0.v20151128060001'>
      <properties size='1'>
        <property name='download.size' value='1418'/>
      </properties>
    </artifact>
    <artifact classifier='osgi.bundle' id='org.eclipse.equinox.p2.ui.sdk.nl_zh' version='4.5.0.v20151128060001'>
      <properties size='1'>
        <property name='download.size' value='3158'/>
      </properties>
    </artifact>
    <artifact classifier='org.eclipse.update.feature' id='org.eclipse.ecf.filetransfer.httpclient4.feature' version='3.13.1.v20160405-1820'>
      <properties size='1'>
        <property name='download.size' value='27500'/>
      </properties>
      <repositoryProperties size='1'>
        <property name='artifact.folder' value='true'/>
      </repositoryProperties>
    </artifact>
    <artifact classifier='osgi.bundle' id='com.oracle.jmc.flightrecorder.ui.zh_CN' version='6.0.0.173920'>
      <properties size='1'>
        <property name='download.size' value='15377'/>
      </properties>
    </artifact>
    <artifact classifier='osgi.bundle' id='org.eclipse.equinox.p2.touchpoint.natives' version='1.2.100.v20160419-0834'>
      <properties size='1'>
        <property name='download.size' value='75287'/>
      </properties>
    </artifact>
    <artifact classifier='osgi.bundle' id='org.apache.felix.gogo.runtime' version='0.10.0.v201209301036'>
      <properties size='1'>
        <property name='download.size' value='79641'/>
      </properties>
    </artifact>
    <artifact classifier='osgi.bundle' id='org.eclipse.equinox.p2.reconciler.dropins.nl_ja' version='4.5.0.v20151128060001'>
      <properties size='1'>
        <property name='download.size' value='2868'/>
      </properties>
    </artifact>
    <artifact classifier='osgi.bundle' id='org.eclipse.e4.ui.css.swt.nl_zh' version='4.5.0.v20151128060001'>
      <properties size='1'>
        <property name='download.size' value='1398'/>
      </properties>
    </artifact>
    <artifact classifier='osgi.bundle' id='org.eclipse.core.net.nl_ja' version='4.5.0.v20151128060001'>
      <properties size='1'>
        <property name='download.size' value='2294'/>
      </properties>
    </artifact>
    <artifact classifier='osgi.bundle' id='org.eclipse.equinox.p2.publisher' version='1.4.100.v20160504-1450'>
      <properties size='1'>
        <property name='download.size' value='96264'/>
      </properties>
    </artifact>
    <artifact classifier='osgi.bundle' id='com.oracle.jmc.rcp.intro' version='6.0.0.173920'>
      <properties size='1'>
        <property name='download.size' value='98230'/>
      </properties>
    </artifact>
    <artifact classifier='osgi.bundle' id='org.eclipse.e4.ui.workbench.swt.nl_zh' version='4.5.0.v20151128060001'>
      <properties size='1'>
        <property name='download.size' value='3533'/>
      </properties>
    </artifact>
    <artifact classifier='osgi.bundle' id='com.oracle.jmc.ui' version='6.0.0.173920'>
      <properties size='1'>
        <property name='download.size' value='659208'/>
      </properties>
    </artifact>
    <artifact classifier='osgi.bundle' id='org.eclipse.equinox.http.registry' version='1.1.400.v20150715-1528'>
      <properties size='1'>
        <property name='download.size' value='46284'/>
      </properties>
    </artifact>
    <artifact classifier='osgi.bundle' id='org.eclipse.equinox.p2.touchpoint.natives.nl_zh' version='4.5.0.v20151128060001'>
      <properties size='1'>
        <property name='download.size' value='3226'/>
      </properties>
    </artifact>
    <artifact classifier='osgi.bundle' id='org.eclipse.equinox.util' version='1.0.500.v20130404-1337'>
      <properties size='1'>
        <property name='download.size' value='77626'/>
      </properties>
    </artifact>
    <artifact classifier='osgi.bundle' id='org.eclipse.jface.nl_ja' version='4.5.0.v20151128060001'>
      <properties size='1'>
        <property name='download.size' value='5887'/>
      </properties>
    </artifact>
    <artifact classifier='osgi.bundle' id='org.eclipse.equinox.p2.director' version='2.3.300.v20160504-1450'>
      <properties size='1'>
        <property name='download.size' value='104577'/>
      </properties>
    </artifact>
    <artifact classifier='osgi.bundle' id='org.eclipse.e4.ui.workbench.addons.swt.nl_ja' version='4.5.0.v20151128060001'>
      <properties size='1'>
        <property name='download.size' value='2742'/>
      </properties>
    </artifact>
    <artifact classifier='osgi.bundle' id='org.eclipse.equinox.p2.director.app.nl_ja' version='4.5.0.v20151128060001'>
      <properties size='1'>
        <property name='download.size' value='4845'/>
      </properties>
    </artifact>
    <artifact classifier='osgi.bundle' id='org.eclipse.e4.ui.workbench.renderers.swt' version='0.14.0.v20160525-0940'>
      <properties size='1'>
        <property name='download.size' value='299608'/>
      </properties>
    </artifact>
    <artifact classifier='org.eclipse.update.feature' id='org.eclipse.equinox.p2.core.feature' version='1.3.200.v20160606-1311'>
      <properties size='1'>
        <property name='download.size' value='18757'/>
      </properties>
      <repositoryProperties size='1'>
        <property name='artifact.folder' value='true'/>
      </repositoryProperties>
    </artifact>
    <artifact classifier='osgi.bundle' id='com.oracle.jmc.console.ui.diagnostic' version='6.0.0.173920'>
      <properties size='1'>
        <property name='download.size' value='22641'/>
      </properties>
    </artifact>
    <artifact classifier='osgi.bundle' id='org.eclipse.equinox.p2.directorywatcher.nl_zh' version='4.5.0.v20151128060001'>
      <properties size='1'>
        <property name='download.size' value='2976'/>
      </properties>
    </artifact>
    <artifact classifier='osgi.bundle' id='org.eclipse.e4.core.di.annotations' version='1.5.0.v20151127-1241'>
      <properties size='1'>
        <property name='download.size' value='11576'/>
      </properties>
    </artifact>
    <artifact classifier='osgi.bundle' id='org.eclipse.ui.themes.nl_ja' version='4.5.0.v20151128060001'>
      <properties size='1'>
        <property name='download.size' value='1392'/>
      </properties>
    </artifact>
    <artifact classifier='osgi.bundle' id='org.eclipse.equinox.p2.touchpoint.eclipse.nl_ja' version='4.5.0.v20151128060001'>
      <properties size='1'>
        <property name='download.size' value='5240'/>
      </properties>
    </artifact>
    <artifact classifier='osgi.bundle' id='com.oracle.jmc.common.internal' version='6.0.0.173920'>
      <properties size='1'>
        <property name='download.size' value='14293'/>
      </properties>
    </artifact>
    <artifact classifier='osgi.bundle' id='org.eclipse.equinox.launcher.nl_zh' version='4.5.0.v20151128060001'>
      <properties size='1'>
        <property name='download.size' value='1408'/>
      </properties>
    </artifact>
    <artifact classifier='osgi.bundle' id='org.eclipse.ecf.provider.filetransfer.ssl' version='1.0.0.v20160405-1820'>
      <properties size='1'>
        <property name='download.size' value='10125'/>
      </properties>
    </artifact>
    <artifact classifier='osgi.bundle' id='org.eclipse.equinox.p2.engine.nl_zh' version='4.5.0.v20151128060001'>
      <properties size='1'>
        <property name='download.size' value='2575'/>
      </properties>
    </artifact>
    <artifact classifier='osgi.bundle' id='org.eclipse.emf.common' version='2.12.0.v20160420-0247'>
      <properties size='1'>
        <property name='download.size' value='357670'/>
      </properties>
    </artifact>
    <artifact classifier='osgi.bundle' id='org.eclipse.equinox.frameworkadmin' version='2.0.300.v20160504-1450'>
      <properties size='1'>
        <property name='download.size' value='37428'/>
      </properties>
    </artifact>
    <artifact classifier='osgi.bundle' id='org.eclipse.equinox.p2.extensionlocation.nl_ja' version='4.5.0.v20151128060001'>
      <properties size='1'>
        <property name='download.size' value='2793'/>
      </properties>
    </artifact>
    <artifact classifier='osgi.bundle' id='com.oracle.jmc.rjmx' version='6.0.0.173920'>
      <properties size='1'>
        <property name='download.size' value='941102'/>
      </properties>
      <repositoryProperties size='1'>
        <property name='artifact.folder' value='true'/>
      </repositoryProperties>
    </artifact>
    <artifact classifier='osgi.bundle' id='org.eclipse.swt' version='3.105.0.v20160603-0902'>
      <properties size='1'>
        <property name='download.size' value='19639'/>
      </properties>
    </artifact>
    <artifact classifier='osgi.bundle' id='org.eclipse.equinox.p2.metadata.repository' version='1.2.300.v20160419-0834'>
      <properties size='1'>
        <property name='download.size' value='122479'/>
      </properties>
    </artifact>
    <artifact classifier='osgi.bundle' id='org.eclipse.equinox.p2.artifact.repository.nl_ja' version='4.5.0.v20151128060001'>
      <properties size='1'>
        <property name='download.size' value='7146'/>
      </properties>
    </artifact>
    <artifact classifier='osgi.bundle' id='org.eclipse.rcp' version='4.6.0.v20160815-0911'>
      <properties size='1'>
        <property name='download.size' value='5294'/>
      </properties>
    </artifact>
    <artifact classifier='osgi.bundle' id='com.oracle.jmc.console.persistence' version='6.0.0.173920'>
      <properties size='1'>
        <property name='download.size' value='34473'/>
      </properties>
    </artifact>
    <artifact classifier='osgi.bundle' id='org.eclipse.emf.ecore.change' version='2.11.0.v20160420-0247'>
      <properties size='1'>
        <property name='download.size' value='87096'/>
      </properties>
    </artifact>
    <artifact classifier='osgi.bundle' id='com.oracle.jmc.console.ui.notification.zh_CN' version='6.0.0.173920'>
      <properties size='1'>
        <property name='download.size' value='10608'/>
      </properties>
    </artifact>
    <artifact classifier='osgi.bundle' id='org.eclipse.e4.ui.workbench3.nl_zh' version='4.5.0.v20151128060001'>
      <properties size='1'>
        <property name='download.size' value='1363'/>
      </properties>
    </artifact>
    <artifact classifier='osgi.bundle' id='org.apache.httpcomponents.httpcore' version='4.3.3.v201411290715'>
      <properties size='1'>
        <property name='download.size' value='318016'/>
      </properties>
    </artifact>
    <artifact classifier='osgi.bundle' id='org.eclipse.core.filesystem.nl_ja' version='4.5.0.v20151128060001'>
      <properties size='1'>
        <property name='download.size' value='3149'/>
      </properties>
    </artifact>
    <artifact classifier='osgi.bundle' id='org.eclipse.core.filesystem' version='1.6.0.v20160503-1608'>
      <properties size='1'>
        <property name='download.size' value='66465'/>
      </properties>
    </artifact>
    <artifact classifier='osgi.bundle' id='org.eclipse.equinox.p2.core.nl_zh' version='4.5.0.v20151128060001'>
      <properties size='1'>
        <property name='download.size' value='2641'/>
      </properties>
    </artifact>
    <artifact classifier='osgi.bundle' id='org.eclipse.jetty.util' version='9.3.9.v20160517'>
      <properties size='1'>
        <property name='download.size' value='458691'/>
      </properties>
    </artifact>
    <artifact classifier='osgi.bundle' id='org.eclipse.e4.ui.css.core.nl_zh' version='4.5.0.v20151128060001'>
      <properties size='1'>
        <property name='download.size' value='1478'/>
      </properties>
    </artifact>
    <artifact classifier='osgi.bundle' id='javax.inject' version='1.0.0.v20091030'>
      <properties size='1'>
        <property name='download.size' value='16996'/>
      </properties>
    </artifact>
    <artifact classifier='osgi.bundle' id='com.oracle.jmc.rjmx.services.jfr' version='6.0.0.173920'>
      <properties size='1'>
        <property name='download.size' value='69107'/>
      </properties>
    </artifact>
    <artifact classifier='osgi.bundle' id='org.eclipse.e4.emf.xpath.nl_zh' version='4.5.0.v20151128060001'>
      <properties size='1'>
        <property name='download.size' value='1624'/>
      </properties>
    </artifact>
    <artifact classifier='org.eclipse.update.feature' id='org.eclipse.ecf.filetransfer.feature' version='3.13.1.v20160405-1820'>
      <properties size='1'>
        <property name='download.size' value='27520'/>
      </properties>
      <repositoryProperties size='1'>
        <property name='artifact.folder' value='true'/>
      </repositoryProperties>
    </artifact>
    <artifact classifier='osgi.bundle' id='com.oracle.jmc.flightrecorder.controlpanel.ui' version='6.0.0.173920'>
      <properties size='1'>
        <property name='download.size' value='236786'/>
      </properties>
    </artifact>
    <artifact classifier='osgi.bundle' id='org.eclipse.help.base.nl_ja' version='4.5.0.v20151128060001'>
      <properties size='1'>
        <property name='download.size' value='4283'/>
      </properties>
    </artifact>
    <artifact classifier='osgi.bundle' id='com.oracle.jmc.browser.jdp.ja' version='6.0.0.173920'>
      <properties size='1'>
        <property name='download.size' value='2324'/>
      </properties>
    </artifact>
    <artifact classifier='osgi.bundle' id='org.eclipse.e4.ui.di.nl_ja' version='4.5.0.v20151128060001'>
      <properties size='1'>
        <property name='download.size' value='1396'/>
      </properties>
    </artifact>
    <artifact classifier='osgi.bundle' id='org.eclipse.jetty.continuation' version='9.3.9.v20160517'>
      <properties size='1'>
        <property name='download.size' value='22662'/>
      </properties>
    </artifact>
    <artifact classifier='osgi.bundle' id='org.eclipse.equinox.p2.metadata.repository.nl_zh' version='4.5.0.v20151128060001'>
      <properties size='1'>
        <property name='download.size' value='2892'/>
      </properties>
    </artifact>
    <artifact classifier='osgi.bundle' id='org.eclipse.equinox.p2.publisher.nl_zh' version='4.5.0.v20151128060001'>
      <properties size='1'>
        <property name='download.size' value='2460'/>
      </properties>
    </artifact>
    <artifact classifier='osgi.bundle' id='com.oracle.jmc.rjmx.ui.ja' version='6.0.0.173920'>
      <properties size='1'>
        <property name='download.size' value='8312'/>
      </properties>
    </artifact>
    <artifact classifier='osgi.bundle' id='org.eclipse.osgi.services' version='3.5.100.v20160504-1419'>
      <properties size='1'>
        <property name='download.size' value='111152'/>
      </properties>
    </artifact>
    <artifact classifier='osgi.bundle' id='org.eclipse.e4.ui.css.swt' version='0.12.100.v20160517-1505'>
      <properties size='1'>
        <property name='download.size' value='259445'/>
      </properties>
    </artifact>
    <artifact classifier='osgi.bundle' id='org.eclipse.equinox.p2.operations' version='2.4.200.v20160504-1450'>
      <properties size='1'>
        <property name='download.size' value='77176'/>
      </properties>
    </artifact>
    <artifact classifier='osgi.bundle' id='org.eclipse.core.net.win32.x86_64.nl_ja' version='4.5.0.v20151128060001'>
      <properties size='1'>
        <property name='download.size' value='1448'/>
      </properties>
    </artifact>
    <artifact classifier='osgi.bundle' id='org.eclipse.equinox.event' version='1.3.200.v20160324-1850'>
      <properties size='1'>
        <property name='download.size' value='34366'/>
      </properties>
    </artifact>
    <artifact classifier='osgi.bundle' id='org.eclipse.equinox.frameworkadmin.equinox.nl_zh' version='4.5.0.v20151128060001'>
      <properties size='1'>
        <property name='download.size' value='3489'/>
      </properties>
    </artifact>
    <artifact classifier='org.eclipse.update.feature' id='com.oracle.jmc.feature.rcp' version='6.0.0.173920'>
      <properties size='1'>
        <property name='download.size' value='7617'/>
      </properties>
      <repositoryProperties size='1'>
        <property name='artifact.folder' value='true'/>
      </repositoryProperties>
    </artifact>
    <artifact classifier='osgi.bundle' id='com.oracle.jmc.flightrecorder.ui.ja' version='6.0.0.173920'>
      <properties size='1'>
        <property name='download.size' value='16531'/>
      </properties>
    </artifact>
    <artifact classifier='osgi.bundle' id='org.eclipse.equinox.p2.ui.sdk.scheduler.nl_zh' version='4.5.0.v20151128060001'>
      <properties size='1'>
        <property name='download.size' value='4650'/>
      </properties>
    </artifact>
    <artifact classifier='osgi.bundle' id='org.eclipse.e4.ui.workbench' version='1.4.0.v20160517-1624'>
      <properties size='1'>
        <property name='download.size' value='249245'/>
      </properties>
    </artifact>
    <artifact classifier='osgi.bundle' id='org.eclipse.jetty.io' version='9.3.9.v20160517'>
      <properties size='1'>
        <property name='download.size' value='119392'/>
      </properties>
    </artifact>
    <artifact classifier='osgi.bundle' id='org.eclipse.ui.nl_zh' version='4.5.0.v20151128060001'>
      <properties size='1'>
        <property name='download.size' value='6101'/>
      </properties>
    </artifact>
    <artifact classifier='osgi.bundle' id='com.oracle.jmc.browser.jdp.zh_CN' version='6.0.0.173920'>
      <properties size='1'>
        <property name='download.size' value='2300'/>
      </properties>
    </artifact>
    <artifact classifier='osgi.bundle' id='org.eclipse.e4.ui.widgets' version='1.1.100.v20160506-0759'>
      <properties size='1'>
        <property name='download.size' value='15378'/>
      </properties>
    </artifact>
    <artifact classifier='osgi.bundle' id='org.eclipse.ui.views.nl_zh' version='4.5.0.v20151128060001'>
      <properties size='1'>
        <property name='download.size' value='3323'/>
      </properties>
    </artifact>
    <artifact classifier='osgi.bundle' id='org.eclipse.ui.forms.nl_zh' version='4.5.0.v20151128060001'>
      <properties size='1'>
        <property name='download.size' value='2437'/>
      </properties>
    </artifact>
    <artifact classifier='osgi.bundle' id='com.oracle.jmc.docs.ja' version='6.0.0.173920'>
      <properties size='1'>
        <property name='download.size' value='246166'/>
      </properties>
    </artifact>
    <artifact classifier='osgi.bundle' id='org.eclipse.e4.ui.css.swt.theme.nl_ja' version='4.5.0.v20151128060001'>
      <properties size='1'>
        <property name='download.size' value='1390'/>
      </properties>
    </artifact>
    <artifact classifier='osgi.bundle' id='org.eclipse.ui.views' version='3.8.100.v20160518-1929'>
      <properties size='1'>
        <property name='download.size' value='108625'/>
      </properties>
    </artifact>
    <artifact classifier='osgi.bundle' id='org.eclipse.equinox.p2.director.nl_ja' version='4.5.0.v20151128060001'>
      <properties size='1'>
        <property name='download.size' value='3654'/>
      </properties>
    </artifact>
    <artifact classifier='osgi.bundle' id='org.eclipse.e4.ui.dialogs' version='1.1.0.v20151127-1218'>
      <properties size='1'>
        <property name='download.size' value='47402'/>
      </properties>
    </artifact>
    <artifact classifier='osgi.bundle' id='org.eclipse.ui.intro.nl_ja' version='4.5.0.v20151128060001'>
      <properties size='1'>
        <property name='download.size' value='4001'/>
      </properties>
    </artifact>
    <artifact classifier='osgi.bundle' id='org.eclipse.equinox.p2.artifact.repository' version='1.1.500.v20160419-0834'>
      <properties size='1'>
        <property name='download.size' value='141186'/>
      </properties>
    </artifact>
    <artifact classifier='osgi.bundle' id='com.oracle.jmc.ui.ja' version='6.0.0.173920'>
      <properties size='1'>
        <property name='download.size' value='14002'/>
      </properties>
    </artifact>
    <artifact classifier='osgi.bundle' id='org.eclipse.e4.ui.bindings.nl_zh' version='4.5.0.v20151128060001'>
      <properties size='1'>
        <property name='download.size' value='1401'/>
      </properties>
    </artifact>
    <artifact classifier='osgi.bundle' id='com.oracle.jmc.rjmx.ja' version='6.0.0.173920'>
      <properties size='1'>
        <property name='download.size' value='10286'/>
      </properties>
    </artifact>
    <artifact classifier='osgi.bundle' id='org.eclipse.e4.ui.model.workbench.nl_zh' version='4.5.0.v20151128060001'>
      <properties size='1'>
        <property name='download.size' value='1473'/>
      </properties>
    </artifact>
    <artifact classifier='osgi.bundle' id='com.oracle.jmc.console.ui.ja' version='6.0.0.173920'>
      <properties size='1'>
        <property name='download.size' value='9802'/>
      </properties>
    </artifact>
    <artifact classifier='osgi.bundle' id='org.eclipse.ui.themes' version='1.1.100.v20160411-1921'>
      <properties size='1'>
        <property name='download.size' value='47730'/>
      </properties>
      <repositoryProperties size='1'>
        <property name='artifact.folder' value='true'/>
      </repositoryProperties>
    </artifact>
    <artifact classifier='osgi.bundle' id='com.oracle.jmc.browser.attach.zh_CN' version='6.0.0.173920'>
      <properties size='1'>
        <property name='download.size' value='4010'/>
      </properties>
    </artifact>
    <artifact classifier='osgi.bundle' id='org.eclipse.text.nl_zh' version='4.5.0.v20151128060001'>
      <properties size='1'>
        <property name='download.size' value='4430'/>
      </properties>
    </artifact>
    <artifact classifier='osgi.bundle' id='javax.servlet.jsp' version='2.2.0.v201112011158'>
      <properties size='1'>
        <property name='download.size' value='111144'/>
      </properties>
    </artifact>
    <artifact classifier='org.eclipse.update.feature' id='com.oracle.jmc.feature.flightrecorder' version='6.0.0.173920'>
      <properties size='1'>
        <property name='download.size' value='7262'/>
      </properties>
      <repositoryProperties size='1'>
        <property name='artifact.folder' value='true'/>
      </repositoryProperties>
    </artifact>
    <artifact classifier='osgi.bundle' id='org.eclipse.help.ui' version='4.0.200.v20160510-0758'>
      <properties size='1'>
        <property name='download.size' value='508193'/>
      </properties>
    </artifact>
    <artifact classifier='osgi.bundle' id='com.oracle.jmc.console.ui.notification.ja' version='6.0.0.173920'>
      <properties size='1'>
        <property name='download.size' value='11302'/>
      </properties>
    </artifact>
    <artifact classifier='osgi.bundle' id='org.eclipse.e4.core.services' version='2.0.100.v20160509-1032'>
      <properties size='1'>
        <property name='download.size' value='54479'/>
      </properties>
    </artifact>
    <artifact classifier='osgi.bundle' id='org.eclipse.e4.core.commands.nl_ja' version='4.5.0.v20151128060001'>
      <properties size='1'>
        <property name='download.size' value='1396'/>
      </properties>
    </artifact>
    <artifact classifier='osgi.bundle' id='org.eclipse.core.runtime' version='3.12.0.v20160606-1342'>
      <properties size='1'>
        <property name='download.size' value='75728'/>
      </properties>
    </artifact>
    <artifact classifier='osgi.bundle' id='javax.xml' version='1.3.4.v201005080400'>
      <properties size='1'>
        <property name='download.size' value='252201'/>
      </properties>
    </artifact>
    <artifact classifier='osgi.bundle' id='org.eclipse.jface.text.nl_zh' version='4.5.0.v20151128060001'>
      <properties size='1'>
        <property name='download.size' value='12704'/>
      </properties>
    </artifact>
    <artifact classifier='osgi.bundle' id='org.apache.batik.util.gui' version='1.7.0.v200903091627'>
      <properties size='1'>
        <property name='download.size' value='212351'/>
      </properties>
    </artifact>
    <artifact classifier='osgi.bundle' id='org.eclipse.equinox.frameworkadmin.equinox.nl_ja' version='4.5.0.v20151128060001'>
      <properties size='1'>
        <property name='download.size' value='3221'/>
      </properties>
    </artifact>
    <artifact classifier='osgi.bundle' id='org.eclipse.ecf.provider.filetransfer.httpclient4.ssl' version='1.1.0.v20160405-1820'>
      <properties size='1'>
        <property name='download.size' value='14414'/>
      </properties>
    </artifact>
    <artifact classifier='osgi.bundle' id='org.eclipse.equinox.concurrent' version='1.1.0.v20130327-1442'>
      <properties size='1'>
        <property name='download.size' value='25385'/>
      </properties>
    </artifact>
    <artifact classifier='osgi.bundle' id='org.eclipse.core.contenttype' version='3.5.100.v20160418-1621'>
      <properties size='1'>
        <property name='download.size' value='101190'/>
      </properties>
    </artifact>
    <artifact classifier='osgi.bundle' id='com.oracle.jmc.docs.zh_CN' version='6.0.0.173920'>
      <properties size='1'>
        <property name='download.size' value='237124'/>
      </properties>
    </artifact>
    <artifact classifier='osgi.bundle' id='org.eclipse.ui.win32.nl_zh' version='4.5.0.v20151128060001'>
      <properties size='1'>
        <property name='download.size' value='2771'/>
      </properties>
    </artifact>
    <artifact classifier='osgi.bundle' id='org.eclipse.equinox.p2.director.app' version='1.0.500.v20160419-0834'>
      <properties size='1'>
        <property name='download.size' value='54805'/>
      </properties>
    </artifact>
    <artifact classifier='osgi.bundle' id='org.eclipse.core.net.win32.x86_64.nl_zh' version='4.5.0.v20151128060001'>
      <properties size='1'>
        <property name='download.size' value='1461'/>
      </properties>
    </artifact>
    <artifact classifier='osgi.bundle' id='org.eclipse.equinox.p2.ui.sdk.scheduler' version='1.2.200.v20160504-1450'>
      <properties size='1'>
        <property name='download.size' value='117627'/>
      </properties>
    </artifact>
    <artifact classifier='osgi.bundle' id='org.eclipse.osgi.compatibility.state.nl_zh' version='4.5.0.v20151128060001'>
      <properties size='1'>
        <property name='download.size' value='3139'/>
      </properties>
    </artifact>
    <artifact classifier='osgi.bundle' id='com.oracle.jmc.browser' version='6.0.0.173920'>
      <properties size='1'>
        <property name='download.size' value='175462'/>
      </properties>
    </artifact>
    <artifact classifier='osgi.bundle' id='org.eclipse.swt.win32.win32.x86_64.nl_ja' version='4.5.0.v20151128060001'>
      <properties size='1'>
        <property name='download.size' value='1479'/>
      </properties>
    </artifact>
    <artifact classifier='osgi.bundle' id='org.eclipse.osgi.services.nl_zh' version='4.5.0.v20151128060001'>
      <properties size='1'>
        <property name='download.size' value='1443'/>
      </properties>
    </artifact>
    <artifact classifier='osgi.bundle' id='com.oracle.jmc.flightrecorder.configuration' version='6.0.0.173920'>
      <properties size='1'>
        <property name='download.size' value='53596'/>
      </properties>
    </artifact>
    <artifact classifier='osgi.bundle' id='org.eclipse.e4.core.commands' version='0.11.100.v20160506-0804'>
      <properties size='1'>
        <property name='download.size' value='26000'/>
      </properties>
    </artifact>
    <artifact classifier='osgi.bundle' id='com.oracle.jmc.attach' version='6.0.0.173920'>
      <properties size='1'>
        <property name='download.size' value='3189'/>
      </properties>
    </artifact>
    <artifact classifier='osgi.bundle' id='org.eclipse.ui.intro' version='3.5.0.v20160509-1548'>
      <properties size='1'>
        <property name='download.size' value='327086'/>
      </properties>
    </artifact>
    <artifact classifier='osgi.bundle' id='org.eclipse.e4.ui.css.core.nl_ja' version='4.5.0.v20151128060001'>
      <properties size='1'>
        <property name='download.size' value='1477'/>
      </properties>
    </artifact>
    <artifact classifier='osgi.bundle' id='org.eclipse.help.webapp.nl_zh' version='4.5.0.v20151128060001'>
      <properties size='1'>
        <property name='download.size' value='4880'/>
      </properties>
    </artifact>
    <artifact classifier='osgi.bundle' id='org.eclipse.ui.net.nl_ja' version='4.5.0.v20151128060001'>
      <properties size='1'>
        <property name='download.size' value='2982'/>
      </properties>
    </artifact>
    <artifact classifier='osgi.bundle' id='com.oracle.jmc.console.ui.mbeanbrowser.ja' version='6.0.0.173920'>
      <properties size='1'>
        <property name='download.size' value='6091'/>
      </properties>
    </artifact>
    <artifact classifier='osgi.bundle' id='org.eclipse.equinox.simpleconfigurator.nl_zh' version='4.5.0.v20151128060001'>
      <properties size='1'>
        <property name='download.size' value='1411'/>
      </properties>
    </artifact>
    <artifact classifier='osgi.bundle' id='org.eclipse.e4.ui.services.nl_zh' version='4.5.0.v20151128060001'>
      <properties size='1'>
        <property name='download.size' value='2511'/>
      </properties>
    </artifact>
    <artifact classifier='osgi.bundle' id='org.eclipse.e4.ui.workbench.renderers.swt.nl_zh' version='4.5.0.v20151128060001'>
      <properties size='1'>
        <property name='download.size' value='3658'/>
      </properties>
    </artifact>
    <artifact classifier='osgi.bundle' id='org.eclipse.equinox.p2.metadata.repository.nl_ja' version='4.5.0.v20151128060001'>
      <properties size='1'>
        <property name='download.size' value='2890'/>
      </properties>
    </artifact>
    <artifact classifier='osgi.bundle' id='org.eclipse.core.filesystem.nl_zh' version='4.5.0.v20151128060001'>
      <properties size='1'>
        <property name='download.size' value='2981'/>
      </properties>
    </artifact>
    <artifact classifier='osgi.bundle' id='org.eclipse.osgi.compatibility.state' version='1.0.200.v20160504-1419'>
      <properties size='1'>
        <property name='download.size' value='244042'/>
      </properties>
    </artifact>
    <artifact classifier='osgi.bundle' id='org.sat4j.pb' version='2.3.5.v201404071733'>
      <properties size='1'>
        <property name='download.size' value='241956'/>
      </properties>
    </artifact>
    <artifact classifier='osgi.bundle' id='org.eclipse.help.ui.nl_zh' version='4.5.0.v20151128060001'>
      <properties size='1'>
        <property name='download.size' value='6435'/>
      </properties>
    </artifact>
    <artifact classifier='osgi.bundle' id='com.oracle.jmc.common' version='6.0.0.173920'>
      <properties size='1'>
        <property name='download.size' value='404988'/>
      </properties>
    </artifact>
    <artifact classifier='osgi.bundle' id='com.oracle.jmc.console.ui.mbeanbrowser' version='6.0.0.173920'>
      <properties size='1'>
        <property name='download.size' value='70941'/>
      </properties>
    </artifact>
    <artifact classifier='org.eclipse.update.feature' id='com.oracle.jmc.rcp.product' version='6.0.0.173920'>
      <properties size='1'>
        <property name='download.size' value='7064'/>
      </properties>
      <repositoryProperties size='1'>
        <property name='artifact.folder' value='true'/>
      </repositoryProperties>
    </artifact>
    <artifact classifier='osgi.bundle' id='org.apache.lucene.analysis' version='3.5.0.v20120725-1805'>
      <properties size='1'>
        <property name='download.size' value='908681'/>
      </properties>
    </artifact>
    <artifact classifier='osgi.bundle' id='org.eclipse.e4.ui.services' version='1.2.100.v20160506-0759'>
      <properties size='1'>
        <property name='download.size' value='28151'/>
      </properties>
    </artifact>
    <artifact classifier='osgi.bundle' id='org.eclipse.jface.text' version='3.11.0.v20160505-1301'>
      <properties size='1'>
        <property name='download.size' value='1070168'/>
      </properties>
    </artifact>
    <artifact classifier='org.eclipse.update.feature' id='org.eclipse.e4.rcp' version='1.5.0.v20160701-1418'>
      <properties size='1'>
        <property name='download.size' value='14357'/>
      </properties>
      <repositoryProperties size='1'>
        <property name='artifact.folder' value='true'/>
      </repositoryProperties>
    </artifact>
    <artifact classifier='osgi.bundle' id='com.oracle.jmc.alert' version='6.0.0.173920'>
      <properties size='1'>
        <property name='download.size' value='35456'/>
      </properties>
    </artifact>
    <artifact classifier='osgi.bundle' id='com.oracle.jmc.greychart.ui.ja' version='6.0.0.173920'>
      <properties size='1'>
        <property name='download.size' value='2753'/>
      </properties>
    </artifact>
    <artifact classifier='osgi.bundle' id='org.eclipse.osgi' version='3.11.0.v20160603-1336'>
      <properties size='1'>
        <property name='download.size' value='1384255'/>
      </properties>
    </artifact>
    <artifact classifier='osgi.bundle' id='org.apache.lucene.core' version='3.5.0.v20120725-1805'>
      <properties size='1'>
        <property name='download.size' value='1550172'/>
      </properties>
    </artifact>
    <artifact classifier='osgi.bundle' id='javax.el' version='2.2.0.v201303151357'>
      <properties size='1'>
        <property name='download.size' value='55399'/>
      </properties>
    </artifact>
    <artifact classifier='org.eclipse.update.feature' id='com.oracle.jmc.feature.rcp.ja' version='6.0.0.173920'>
      <properties size='1'>
        <property name='download.size' value='7324'/>
      </properties>
      <repositoryProperties size='1'>
        <property name='artifact.folder' value='true'/>
      </repositoryProperties>
    </artifact>
    <artifact classifier='osgi.bundle' id='org.eclipse.core.databinding.property.nl_ja' version='4.5.0.v20151128060001'>
      <properties size='1'>
        <property name='download.size' value='1359'/>
      </properties>
    </artifact>
    <artifact classifier='osgi.bundle' id='com.oracle.jmc.console.ui.notification' version='6.0.0.173920'>
      <properties size='1'>
        <property name='download.size' value='142282'/>
      </properties>
      <repositoryProperties size='1'>
        <property name='artifact.folder' value='true'/>
      </repositoryProperties>
    </artifact>
    <artifact classifier='osgi.bundle' id='org.eclipse.e4.ui.workbench.nl_zh' version='4.5.0.v20151128060001'>
      <properties size='1'>
        <property name='download.size' value='1463'/>
      </properties>
    </artifact>
    <artifact classifier='osgi.bundle' id='org.eclipse.equinox.p2.directorywatcher' version='1.1.100.v20150423-1455'>
      <properties size='1'>
        <property name='download.size' value='32863'/>
      </properties>
    </artifact>
    <artifact classifier='osgi.bundle' id='org.apache.httpcomponents.httpclient' version='4.3.6.v201511171540'>
      <properties size='1'>
        <property name='download.size' value='864566'/>
      </properties>
    </artifact>
    <artifact classifier='osgi.bundle' id='org.eclipse.jface.databinding.nl_ja' version='4.5.0.v20151128060001'>
      <properties size='1'>
        <property name='download.size' value='1421'/>
      </properties>
    </artifact>
    <artifact classifier='osgi.bundle' id='org.eclipse.help.webapp' version='3.8.0.v20160504-0839'>
      <properties size='1'>
        <property name='download.size' value='637639'/>
      </properties>
    </artifact>
    <artifact classifier='osgi.bundle' id='org.eclipse.equinox.p2.operations.nl_ja' version='4.5.0.v20151128060001'>
      <properties size='1'>
        <property name='download.size' value='3756'/>
      </properties>
    </artifact>
    <artifact classifier='osgi.bundle' id='org.eclipse.e4.ui.widgets.nl_zh' version='4.5.0.v20151128060001'>
      <properties size='1'>
        <property name='download.size' value='1415'/>
      </properties>
    </artifact>
    <artifact classifier='org.eclipse.update.feature' id='org.eclipse.babel.nls_eclipse_ja' version='4.5.0.v20151128060001'>
      <properties size='1'>
        <property name='download.size' value='28273'/>
      </properties>
      <repositoryProperties size='1'>
        <property name='artifact.folder' value='true'/>
      </repositoryProperties>
    </artifact>
    <artifact classifier='osgi.bundle' id='com.oracle.jmc.alert.ja' version='6.0.0.173920'>
      <properties size='1'>
        <property name='download.size' value='2532'/>
      </properties>
    </artifact>
    <artifact classifier='osgi.bundle' id='com.oracle.jmc.rcp.intro.ja' version='6.0.0.173920'>
      <properties size='1'>
        <property name='download.size' value='3753'/>
      </properties>
    </artifact>
    <artifact classifier='osgi.bundle' id='org.eclipse.equinox.p2.director.app.nl_zh' version='4.5.0.v20151128060001'>
      <properties size='1'>
        <property name='download.size' value='2949'/>
      </properties>
    </artifact>
    <artifact classifier='org.eclipse.update.feature' id='org.eclipse.rcp' version='4.6.0.v20160815-0911'>
      <properties size='1'>
        <property name='download.size' value='12370'/>
      </properties>
      <repositoryProperties size='1'>
        <property name='artifact.folder' value='true'/>
      </repositoryProperties>
    </artifact>
    <artifact classifier='org.eclipse.update.feature' id='com.oracle.jmc.feature.rcp.update' version='6.0.0.173920'>
      <properties size='1'>
        <property name='download.size' value='7062'/>
      </properties>
      <repositoryProperties size='1'>
        <property name='artifact.folder' value='true'/>
      </repositoryProperties>
    </artifact>
    <artifact classifier='osgi.bundle' id='org.eclipse.equinox.p2.extensionlocation' version='1.2.300.v20160419-0834'>
      <properties size='1'>
        <property name='download.size' value='36213'/>
      </properties>
    </artifact>
    <artifact classifier='osgi.bundle' id='org.eclipse.ui.themes.nl_zh' version='4.5.0.v20151128060001'>
      <properties size='1'>
        <property name='download.size' value='1358'/>
      </properties>
    </artifact>
    <artifact classifier='osgi.bundle' id='org.eclipse.equinox.p2.updatechecker.nl_ja' version='4.5.0.v20151128060001'>
      <properties size='1'>
        <property name='download.size' value='1358'/>
      </properties>
    </artifact>
    <artifact classifier='osgi.bundle' id='org.eclipse.e4.ui.dialogs.nl_zh' version='4.5.0.v20151128060001'>
      <properties size='1'>
        <property name='download.size' value='2461'/>
      </properties>
    </artifact>
    <artifact classifier='osgi.bundle' id='org.apache.commons.codec' version='1.6.0.v201305230611'>
      <properties size='1'>
        <property name='download.size' value='257398'/>
      </properties>
    </artifact>
    <artifact classifier='osgi.bundle' id='org.eclipse.core.resources.nl_zh' version='4.5.0.v20151128060001'>
      <properties size='1'>
        <property name='download.size' value='10185'/>
      </properties>
    </artifact>
    <artifact classifier='osgi.bundle' id='org.eclipse.equinox.p2.ui.nl_zh' version='4.5.0.v20151128060001'>
      <properties size='1'>
        <property name='download.size' value='4513'/>
      </properties>
    </artifact>
    <artifact classifier='osgi.bundle' id='org.eclipse.equinox.p2.repository.nl_zh' version='4.5.0.v20151128060001'>
      <properties size='1'>
        <property name='download.size' value='4839'/>
      </properties>
    </artifact>
    <artifact classifier='org.eclipse.update.feature' id='org.eclipse.equinox.p2.rcp.feature' version='1.2.200.v20160606-1311'>
      <properties size='1'>
        <property name='download.size' value='18221'/>
      </properties>
      <repositoryProperties size='1'>
        <property name='artifact.folder' value='true'/>
      </repositoryProperties>
    </artifact>
    <artifact classifier='osgi.bundle' id='com.oracle.jmc.greychart.ui.zh_CN' version='6.0.0.173920'>
      <properties size='1'>
        <property name='download.size' value='2734'/>
      </properties>
    </artifact>
    <artifact classifier='osgi.bundle' id='com.oracle.jmc.docs' version='6.0.0.173920'>
      <properties size='1'>
        <property name='download.size' value='208389'/>
      </properties>
    </artifact>
    <artifact classifier='osgi.bundle' id='org.eclipse.equinox.p2.updatechecker' version='1.1.200.v20131119-0908'>
      <properties size='1'>
        <property name='download.size' value='17467'/>
      </properties>
    </artifact>
    <artifact classifier='osgi.bundle' id='org.eclipse.swt.nl_zh' version='4.5.0.v20151128060001'>
      <properties size='1'>
        <property name='download.size' value='3211'/>
      </properties>
    </artifact>
    <artifact classifier='osgi.bundle' id='org.eclipse.e4.ui.workbench.swt' version='0.14.0.v20160523-1900'>
      <properties size='1'>
        <property name='download.size' value='191768'/>
      </properties>
    </artifact>
    <artifact classifier='osgi.bundle' id='org.eclipse.e4.ui.css.swt.theme' version='0.10.100.v20160523-0836'>
      <properties size='1'>
        <property name='download.size' value='27497'/>
      </properties>
    </artifact>
    <artifact classifier='osgi.bundle' id='org.eclipse.equinox.frameworkadmin.nl_ja' version='4.5.0.v20151128060001'>
      <properties size='1'>
        <property name='download.size' value='1358'/>
      </properties>
    </artifact>
    <artifact classifier='osgi.bundle' id='org.eclipse.equinox.launcher' version='1.3.200.v20160318-1642'>
      <properties size='1'>
        <property name='download.size' value='51690'/>
      </properties>
    </artifact>
    <artifact classifier='osgi.bundle' id='org.eclipse.equinox.p2.jarprocessor' version='1.0.500.v20160504-1450'>
      <properties size='1'>
        <property name='download.size' value='72608'/>
      </properties>
    </artifact>
    <artifact classifier='org.eclipse.update.feature' id='org.eclipse.emf.common' version='2.12.0.v20160420-0247'>
      <properties size='1'>
        <property name='download.size' value='18225'/>
      </properties>
      <repositoryProperties size='1'>
        <property name='artifact.folder' value='true'/>
      </repositoryProperties>
    </artifact>
    <artifact classifier='osgi.bundle' id='org.eclipse.equinox.p2.metadata' version='2.3.100.v20160427-2220'>
      <properties size='1'>
        <property name='download.size' value='343607'/>
      </properties>
    </artifact>
    <artifact classifier='osgi.bundle' id='org.eclipse.help.nl_ja' version='4.5.0.v20151128060001'>
      <properties size='1'>
        <property name='download.size' value='1519'/>
      </properties>
    </artifact>
  </artifacts>
</repository>
