<?xml version="1.0" encoding="UTF-8"?>
<feature
      id="org.eclipse.e4.rcp"
      label="%featureName"
      version="1.5.0.v20160701-1418"
      provider-name="%providerName">

   <description>
      %description
   </description>

   <copyright>
      %copyright
   </copyright>

   <license url="%licenseURL">
      %license
   </license>

   <requires>
      <import feature="org.eclipse.emf.common" version="2.7.0" match="compatible"/>
      <import feature="org.eclipse.emf.ecore" version="2.7.0" match="compatible"/>
   </requires>

   <plugin
         id="org.eclipse.e4.core.services"
         download-size="53"
         install-size="94"
         version="2.0.100.v20160509-1032"
         unpack="false"/>

   <plugin
         id="org.eclipse.e4.ui.workbench.swt"
         download-size="187"
         install-size="370"
         version="0.14.0.v20160523-1900"
         unpack="false"/>

   <plugin
         id="org.eclipse.e4.core.commands"
         download-size="25"
         install-size="45"
         version="0.11.100.v20160506-0804"
         unpack="false"/>

   <plugin
         id="org.eclipse.e4.ui.bindings"
         download-size="49"
         install-size="100"
         version="0.11.100.v20160509-1025"
         unpack="false"/>

   <plugin
         id="org.eclipse.e4.ui.model.workbench"
         download-size="376"
         install-size="1171"
         version="1.2.0.v20160229-1459"
         unpack="false"/>

   <plugin
         id="org.eclipse.e4.ui.services"
         download-size="27"
         install-size="43"
         version="1.2.100.v20160506-0759"
         unpack="false"/>

   <plugin
         id="org.eclipse.e4.ui.workbench.renderers.swt"
         download-size="292"
         install-size="634"
         version="0.14.0.v20160525-0940"
         unpack="false"/>

   <plugin
         id="org.eclipse.e4.ui.workbench"
         download-size="243"
         install-size="511"
         version="1.4.0.v20160517-1624"
         unpack="false"/>

   <plugin
         id="org.eclipse.e4.ui.css.core"
         download-size="210"
         install-size="429"
         version="0.12.0.v20160505-1310"
         unpack="false"/>

   <plugin
         id="org.eclipse.e4.ui.css.swt"
         download-size="253"
         install-size="529"
         version="0.12.100.v20160517-1505"
         unpack="false"/>

   <plugin
         id="org.apache.batik.css"
         download-size="347"
         install-size="720"
         version="1.7.0.v201011041433"
         unpack="false"/>

   <plugin
         id="org.w3c.css.sac"
         download-size="37"
         install-size="65"
         version="1.3.1.v200903091627"
         unpack="false"/>

   <plugin
         id="org.apache.batik.util"
         download-size="154"
         install-size="309"
         version="1.7.0.v201011041433"
         unpack="false"/>

   <plugin
         id="org.w3c.dom.svg"
         download-size="95"
         install-size="140"
         version="1.1.0.v201011041433"
         unpack="false"/>

   <plugin
         id="org.w3c.dom.smil"
         download-size="19"
         install-size="37"
         version="1.0.1.v200903091627"
         unpack="false"/>

   <plugin
         id="org.w3c.dom.events"
         download-size="17"
         install-size="26"
         version="3.0.0.draft20060413_v201105210656"
         unpack="false"/>

   <plugin
         id="javax.inject"
         download-size="16"
         install-size="28"
         version="1.0.0.v20091030"
         unpack="false"/>

   <plugin
         id="javax.annotation"
         download-size="28"
         install-size="58"
         version="1.2.0.v201602091430"
         unpack="false"/>

   <plugin
         id="org.eclipse.e4.core.di"
         download-size="53"
         install-size="108"
         version="1.6.0.v20160319-0612"
         unpack="false"/>

   <plugin
         id="org.eclipse.e4.core.contexts"
         download-size="47"
         install-size="91"
         version="1.5.0.v20160504-0909"
         unpack="false"/>

   <plugin
         id="org.apache.batik.util.gui"
         download-size="207"
         install-size="388"
         version="1.7.0.v200903091627"
         unpack="false"/>

   <plugin
         id="javax.xml"
         download-size="246"
         install-size="413"
         version="1.3.4.v201005080400"
         unpack="false"/>

   <plugin
         id="org.eclipse.e4.core.di.extensions"
         download-size="27"
         install-size="47"
         version="0.14.0.v20160211-1614"
         unpack="false"/>

   <plugin
         id="org.eclipse.e4.ui.css.swt.theme"
         download-size="26"
         install-size="47"
         version="0.10.100.v20160523-0836"
         unpack="false"/>

   <plugin
         id="org.eclipse.e4.ui.di"
         download-size="16"
         install-size="23"
         version="1.1.100.v20160506-0759"
         unpack="false"/>

   <plugin
         id="org.eclipse.e4.ui.widgets"
         download-size="15"
         install-size="23"
         version="1.1.100.v20160506-0759"
         unpack="false"/>

   <plugin
         id="org.eclipse.e4.ui.workbench.renderers.swt.cocoa"
         os="macosx"
         ws="cocoa"
         download-size="35"
         install-size="65"
         version="0.11.300.v20160330-1418"
         fragment="true"
         unpack="false"/>

   <plugin
         id="org.eclipse.equinox.common"
         download-size="117"
         install-size="220"
         version="3.8.0.v20160509-1230"
         unpack="false"/>

   <plugin
         id="org.eclipse.equinox.ds"
         download-size="192"
         install-size="394"
         version="1.4.400.v20160226-2036"
         unpack="false"/>

   <plugin
         id="org.eclipse.equinox.event"
         download-size="33"
         install-size="59"
         version="1.3.200.v20160324-1850"
         unpack="false"/>

   <plugin
         id="org.eclipse.core.commands"
         download-size="112"
         install-size="213"
         version="3.8.0.v20160316-1921"
         unpack="false"/>

   <plugin
         id="org.eclipse.core.contenttype"
         download-size="98"
         install-size="206"
         version="3.5.100.v20160418-1621"
         unpack="false"/>

   <plugin
         id="org.eclipse.core.databinding"
         download-size="199"
         install-size="415"
         version="1.6.0.v20160412-0910"
         unpack="false"/>

   <plugin
         id="org.eclipse.core.databinding.beans"
         download-size="78"
         install-size="193"
         version="1.3.100.v20160509-1025"
         unpack="false"/>

   <plugin
         id="org.eclipse.core.databinding.observable"
         download-size="346"
         install-size="801"
         version="1.6.0.v20160511-1747"
         unpack="false"/>

   <plugin
         id="org.eclipse.core.databinding.property"
         download-size="191"
         install-size="499"
         version="1.6.0.v20160427-0852"
         unpack="false"/>

   <plugin
         id="org.eclipse.core.expressions"
         download-size="89"
         install-size="174"
         version="3.5.100.v20160418-1621"
         unpack="false"/>

   <plugin
         id="org.eclipse.core.jobs"
         download-size="108"
         install-size="214"
         version="3.8.0.v20160509-0411"
         unpack="false"/>

   <plugin
         id="org.eclipse.core.runtime"
         download-size="73"
         install-size="156"
         version="3.12.0.v20160606-1342"
         unpack="false"/>

   <plugin
         id="org.eclipse.equinox.app"
         download-size="85"
         install-size="171"
         version="1.3.400.v20150715-1528"
         unpack="false"/>

   <plugin
         id="org.eclipse.equinox.launcher"
         download-size="50"
         install-size="88"
         version="1.3.200.v20160318-1642"
         unpack="false"/>

   <plugin
         id="com.ibm.icu"
         download-size="11099"
         install-size="24686"
         version="56.1.0.v201601250100"
         unpack="false"/>

   <plugin
         id="org.eclipse.equinox.preferences"
         download-size="129"
         install-size="264"
         version="3.6.0.v20160120-1756"
         unpack="false"/>

   <plugin
         id="org.eclipse.equinox.registry"
         download-size="182"
         install-size="376"
         version="3.6.100.v20160223-2218"
         unpack="false"/>

   <plugin
         id="org.eclipse.equinox.simpleconfigurator"
         download-size="43"
         install-size="80"
         version="1.1.200.v20160504-1450"
         unpack="false"/>

   <plugin
         id="org.eclipse.osgi"
         download-size="1351"
         install-size="2865"
         version="3.11.0.v20160603-1336"
         unpack="false"/>

   <plugin
         id="org.eclipse.osgi.compatibility.state"
         download-size="238"
         install-size="580"
         version="1.0.200.v20160504-1419"
         fragment="true"
         unpack="false"/>

   <plugin
         id="org.eclipse.osgi.services"
         download-size="108"
         install-size="168"
         version="3.5.100.v20160504-1419"
         unpack="false"/>

  <plugin
         id="org.eclipse.equinox.launcher.gtk.solaris.x86_64"
         os="solaris"
         ws="gtk"
         arch="x86_64"
         download-size="35"
         install-size="109"
         version="1.1.300.v20160701-1418"
         fragment="true"/>

   <plugin
         id="org.eclipse.equinox.launcher.gtk.solaris.sparcv9"
         os="solaris"
         ws="gtk"
         arch="sparcv9"
         download-size="43"
         install-size="122"
         version="1.1.300.v20160701-1418"
         fragment="true"/>

   <plugin
         id="org.eclipse.equinox.launcher.cocoa.macosx.x86_64"
         os="macosx"
         ws="cocoa"
         arch="x86_64"
         download-size="27"
         install-size="68"
         version="1.1.400.v20160701-1418"
         fragment="true"/>

   <plugin
         id="org.eclipse.equinox.launcher.gtk.linux.ppc"
         os="linux"
         ws="gtk"
         arch="ppc"
         download-size="79"
         install-size="204"
         version="1.1.400.v20160701-1418"
         fragment="true"/>

   <plugin
         id="org.eclipse.equinox.launcher.gtk.linux.ppc64"
         os="linux"
         ws="gtk"
         arch="ppc64"
         download-size="81"
         install-size="230"
         version="1.0.400.v20160701-1418"
         fragment="true"/>

   <plugin
         id="org.eclipse.equinox.launcher.gtk.linux.ppc64le"
         os="linux"
         ws="gtk"
         arch="ppc64le"
         download-size="77"
         install-size="208"
         version="1.0.400.v20160701-1418"
         fragment="true"/>

   <plugin
         id="org.eclipse.equinox.launcher.gtk.linux.x86"
         os="linux"
         ws="gtk"
         arch="x86"
         download-size="72"
         install-size="176"
         version="1.1.400.v20160701-1418"
         fragment="true"/>

   <plugin
         id="org.eclipse.equinox.launcher.gtk.linux.s390x"
         os="linux"
         ws="gtk"
         arch="s390x"
         download-size="81"
         install-size="221"
         version="1.1.400.v20160701-1418"
         fragment="true"/>

   <plugin
         id="org.eclipse.equinox.launcher.gtk.linux.s390"
         os="linux"
         ws="gtk"
         arch="s390"
         download-size="79"
         install-size="198"
         version="1.1.400.v20160701-1418"
         fragment="true"/>

   <plugin
         id="org.eclipse.equinox.launcher.gtk.linux.x86_64"
         os="linux"
         ws="gtk"
         arch="x86_64"
         download-size="77"
         install-size="199"
         version="1.1.400.v20160701-1418"
         fragment="true"/>

   <plugin
         id="org.eclipse.equinox.launcher.gtk.aix.ppc"
         os="aix"
         ws="gtk"
         arch="ppc"
         download-size="299"
         install-size="1032"
         version="1.1.300.v20160701-1418"
         fragment="true"/>

   <plugin
         id="org.eclipse.equinox.launcher.gtk.aix.ppc64"
         os="aix"
         ws="gtk"
         arch="ppc64"
         download-size="305"
         install-size="1081"
         version="1.1.300.v20160701-1418"
         fragment="true"/>

   <plugin
         id="org.eclipse.equinox.launcher.gtk.hpux.ia64"
         os="hpux"
         ws="gtk"
         arch="ia64"
         download-size="40"
         install-size="150"
         version="1.0.300.v20160701-1418"
         fragment="true"/>

   <plugin
         id="org.eclipse.equinox.launcher.win32.win32.x86"
         os="win32"
         ws="win32"
         arch="x86"
         download-size="24"
         install-size="52"
         version="1.1.400.v20160701-1418"
         fragment="true"/>

   <plugin
         id="org.eclipse.equinox.launcher.win32.win32.x86_64"
         os="win32"
         ws="win32"
         arch="x86_64"
         download-size="25"
         install-size="62"
         version="1.1.400.v20160701-1418"
         fragment="true"/>

   <plugin
         id="org.eclipse.swt"
         download-size="19"
         install-size="41"
         version="3.105.0.v20160603-0902"
         unpack="false"/>

   <plugin
         id="org.eclipse.swt.win32.win32.x86"
         os="win32"
         ws="win32"
         arch="x86"
         download-size="2801"
         install-size="5794"
         version="3.105.0.v20160603-0902"
         fragment="true"
         unpack="false"/>

   <plugin
         id="org.eclipse.swt.win32.win32.x86_64"
         os="win32"
         ws="win32"
         arch="x86_64"
         download-size="2804"
         install-size="5892"
         version="3.105.0.v20160603-0902"
         fragment="true"
         unpack="false"/>

   <plugin
         id="org.eclipse.swt.gtk.linux.x86"
         os="linux"
         ws="gtk"
         arch="x86"
         download-size="2552"
         install-size="5883"
         version="3.105.0.v20160603-0902"
         fragment="true"
         unpack="false"/>

   <plugin
         id="org.eclipse.swt.gtk.linux.s390x"
         os="linux"
         ws="gtk"
         arch="s390x"
         download-size="2585"
         install-size="6282"
         version="3.105.0.v20160603-0902"
         fragment="true"
         unpack="false"/>

   <plugin
         id="org.eclipse.swt.gtk.linux.s390"
         os="linux"
         ws="gtk"
         arch="s390"
         download-size="2548"
         install-size="6067"
         version="3.105.0.v20160603-0902"
         fragment="true"
         unpack="false"/>

   <plugin
         id="org.eclipse.swt.gtk.solaris.x86_64"
         os="solaris"
         ws="gtk"
         arch="x86_64"
         download-size="2463"
         install-size="5746"
         version="3.105.0.v20160603-0902"
         fragment="true"
         unpack="false"/>

   <plugin
         id="org.eclipse.swt.gtk.solaris.sparcv9"
         os="solaris"
         ws="gtk"
         arch="sparcv9"
         download-size="2517"
         install-size="5918"
         version="3.105.0.v20160603-0902"
         fragment="true"
         unpack="false"/>

   <plugin
         id="org.eclipse.swt.gtk.linux.ppc"
         os="linux"
         ws="gtk"
         arch="ppc"
         download-size="2523"
         install-size="6123"
         version="3.105.0.v20160603-0902"
         fragment="true"
         unpack="false"/>

   <plugin
         id="org.eclipse.swt.gtk.linux.ppc64"
         os="linux"
         ws="gtk"
         arch="ppc64"
         download-size="2599"
         install-size="6760"
         version="3.105.0.v20160603-0902"
         fragment="true"
         unpack="false"/>

   <plugin
         id="org.eclipse.swt.gtk.linux.ppc64le"
         os="linux"
         ws="gtk"
         arch="ppc64le"
         download-size="2566"
         install-size="6501"
         version="3.105.0.v20160603-0902"
         fragment="true"
         unpack="false"/>

   <plugin
         id="org.eclipse.swt.gtk.linux.x86_64"
         os="linux"
         ws="gtk"
         arch="x86_64"
         download-size="2700"
         install-size="6536"
         version="3.105.0.v20160603-0902"
         fragment="true"
         unpack="false"/>

   <plugin
         id="org.eclipse.swt.cocoa.macosx.x86_64"
         os="macosx"
         ws="cocoa"
         arch="x86_64"
         download-size="2360"
         install-size="5386"
         version="3.105.0.v20160603-0902"
         fragment="true"
         unpack="false"/>

   <plugin
         id="org.eclipse.swt.gtk.aix.ppc"
         os="aix"
         ws="gtk"
         arch="ppc"
         download-size="2422"
         install-size="6011"
         version="3.105.0.v20160603-0902"
         fragment="true"
         unpack="false"/>

   <plugin
         id="org.eclipse.swt.gtk.aix.ppc64"
         os="aix"
         ws="gtk"
         arch="ppc64"
         download-size="2461"
         install-size="6207"
         version="3.105.0.v20160603-0902"
         fragment="true"
         unpack="false"/>

   <plugin
         id="org.eclipse.swt.gtk.hpux.ia64"
         os="hpux"
         ws="gtk"
         arch="ia64"
         download-size="2487"
         install-size="6567"
         version="3.105.0.v20160603-0902"
         fragment="true"
         unpack="false"/>

   <plugin
         id="org.eclipse.equinox.util"
         download-size="75"
         install-size="139"
         version="1.0.500.v20130404-1337"
         unpack="false"/>

   <plugin
         id="org.eclipse.jface"
         download-size="1061"
         install-size="2133"
         version="3.12.0.v20160518-1929"
         unpack="false"/>

   <plugin
         id="org.eclipse.jface.databinding"
         download-size="284"
         install-size="575"
         version="1.8.0.v20160420-2231"
         unpack="false"/>

   <plugin
         id="org.eclipse.e4.ui.workbench3"
         download-size="10"
         install-size="14"
         version="0.13.100.v20160506-0759"
         unpack="false"/>

   <plugin
         id="org.apache.felix.gogo.command"
         download-size="55"
         install-size="111"
         version="0.10.0.v201209301215"
         unpack="false"/>

   <plugin
         id="org.apache.felix.gogo.runtime"
         download-size="77"
         install-size="153"
         version="0.10.0.v201209301036"
         unpack="false"/>

   <plugin
         id="org.apache.felix.gogo.shell"
         download-size="58"
         install-size="119"
         version="0.10.0.v201212101605"
         unpack="false"/>

   <plugin
         id="org.eclipse.equinox.console"
         download-size="117"
         install-size="239"
         version="1.1.200.v20150929-1405"
         unpack="false"/>

   <plugin
         id="org.eclipse.e4.ui.workbench.addons.swt"
         download-size="148"
         install-size="306"
         version="1.2.100.v20160506-0759"
         unpack="false"/>

   <plugin
         id="org.eclipse.equinox.bidi"
         download-size="48"
         install-size="90"
         version="1.0.0.v20160307-1318"
         unpack="false"/>

   <plugin
         id="org.eclipse.e4.ui.dialogs"
         download-size="46"
         install-size="84"
         version="1.1.0.v20151127-1218"
         unpack="false"/>

   <plugin
         id="org.apache.commons.jxpath"
         download-size="308"
         install-size="642"
         version="1.3.0.v200911051830"
         unpack="false"/>

   <plugin
         id="org.eclipse.e4.emf.xpath"
         download-size="48"
         install-size="95"
         version="0.1.200.v20160506-0804"
         unpack="false"/>

   <plugin
         id="org.eclipse.e4.core.di.annotations"
         download-size="11"
         install-size="14"
         version="1.5.0.v20151127-1241"
         unpack="false"/>

   <plugin
         id="org.eclipse.e4.ui.swt.gtk"
         ws="gtk"
         download-size="10"
         install-size="14"
         version="1.0.100.v20160301-1001"
         fragment="true"
         unpack="false"/>

</feature>
