<?xml version="1.0" encoding="UTF-8" ?>
<feature
	id="org.eclipse.babel.nls_eclipse_ja"
	label="Babel Language Pack for eclipse in Japanese (93.48%)"
	image="eclipse_update_120.jpg"
	provider-name="%providerName"
	version="4.5.0.v20151128060001">
	<copyright>
		%copyright
	</copyright>
	<license url="%licenseURL">
		%license
	</license>
	<description>Babel Language Pack for eclipse in Japanese</description>
	<plugin fragment="true" id="org.eclipse.ant.core.nl_ja" unpack="false" version="4.5.0.v20151128060001" download-size="5050" install-size="5050" />
	<plugin fragment="true" id="org.eclipse.ant.launching.nl_ja" unpack="false" version="4.5.0.v20151128060001" download-size="8211" install-size="8211" />
	<plugin fragment="true" id="org.eclipse.ant.tests.core.nl_ja" unpack="false" version="4.5.0.v20151128060001" download-size="1793" install-size="1793" />
	<plugin fragment="true" id="org.eclipse.ant.tests.ui.nl_ja" unpack="false" version="4.5.0.v20151128060001" download-size="1399" install-size="1399" />
	<plugin fragment="true" id="org.eclipse.ant.ui.nl_ja" unpack="false" version="4.5.0.v20151128060001" download-size="24853" install-size="24853" />
	<plugin fragment="true" id="org.eclipse.compare.core.nl_ja" unpack="false" version="4.5.0.v20151128060001" download-size="2475" install-size="2475" />
	<plugin fragment="true" id="org.eclipse.compare.examples.nl_ja" unpack="false" version="4.5.0.v20151128060001" download-size="2375" install-size="2375" />
	<plugin fragment="true" id="org.eclipse.compare.examples.xml.nl_ja" unpack="false" version="4.5.0.v20151128060001" download-size="3317" install-size="3317" />
	<plugin fragment="true" id="org.eclipse.compare.nl_ja" unpack="false" version="4.5.0.v20151128060001" download-size="15811" install-size="15811" />
	<plugin fragment="true" id="org.eclipse.compare.win32.nl_ja" unpack="false" version="4.5.0.v20151128060001" download-size="3344" install-size="3344" />
	<plugin fragment="true" id="org.eclipse.core.commands.nl_ja" unpack="false" version="4.5.0.v20151128060001" download-size="1378" install-size="1378" />
	<plugin fragment="true" id="org.eclipse.core.databinding.beans.nl_ja" unpack="false" version="4.5.0.v20151128060001" download-size="1416" install-size="1416" />
	<plugin fragment="true" id="org.eclipse.core.databinding.nl_ja" unpack="false" version="4.5.0.v20151128060001" download-size="2868" install-size="2868" />
	<plugin fragment="true" id="org.eclipse.core.databinding.observable.nl_ja" unpack="false" version="4.5.0.v20151128060001" download-size="1360" install-size="1360" />
	<plugin fragment="true" id="org.eclipse.core.databinding.property.nl_ja" unpack="false" version="4.5.0.v20151128060001" download-size="1359" install-size="1359" />
	<plugin fragment="true" id="org.eclipse.core.externaltools.nl_ja" unpack="false" version="4.5.0.v20151128060001" download-size="4256" install-size="4256" />
	<plugin fragment="true" id="org.eclipse.core.filebuffers.nl_ja" unpack="false" version="4.5.0.v20151128060001" download-size="4380" install-size="4380" />
	<plugin fragment="true" id="org.eclipse.core.filesystem.aix.ppc.nl_ja" unpack="false" version="4.5.0.v20151128060001" download-size="1463" install-size="1463" />
	<plugin fragment="true" id="org.eclipse.core.filesystem.aix.ppc64.nl_ja" unpack="false" version="4.5.0.v20151128060001" download-size="1362" install-size="1362" />
	<plugin fragment="true" id="org.eclipse.core.filesystem.hpux.ia64.nl_ja" unpack="false" version="4.5.0.v20151128060001" download-size="1423" install-size="1423" />
	<plugin fragment="true" id="org.eclipse.core.filesystem.java7.nl_ja" unpack="false" version="4.5.0.v20151128060001" download-size="1370" install-size="1370" />
	<plugin fragment="true" id="org.eclipse.core.filesystem.linux.ppc.nl_ja" unpack="false" version="4.5.0.v20151128060001" download-size="1362" install-size="1362" />
	<plugin fragment="true" id="org.eclipse.core.filesystem.linux.ppc64.nl_ja" unpack="false" version="4.5.0.v20151128060001" download-size="1364" install-size="1364" />
	<plugin fragment="true" id="org.eclipse.core.filesystem.linux.ppc64le.nl_ja" unpack="false" version="4.5.0.v20151128060001" download-size="1364" install-size="1364" />
	<plugin fragment="true" id="org.eclipse.core.filesystem.linux.x86.nl_ja" unpack="false" version="4.5.0.v20151128060001" download-size="1461" install-size="1461" />
	<plugin fragment="true" id="org.eclipse.core.filesystem.linux.x86_64.nl_ja" unpack="false" version="4.5.0.v20151128060001" download-size="1465" install-size="1465" />
	<plugin fragment="true" id="org.eclipse.core.filesystem.macosx.nl_ja" unpack="false" version="4.5.0.v20151128060001" download-size="1447" install-size="1447" />
	<plugin fragment="true" id="org.eclipse.core.filesystem.nl_ja" unpack="false" version="4.5.0.v20151128060001" download-size="3149" install-size="3149" />
	<plugin fragment="true" id="org.eclipse.core.filesystem.solaris.sparc.nl_ja" unpack="false" version="4.5.0.v20151128060001" download-size="1465" install-size="1465" />
	<plugin fragment="true" id="org.eclipse.core.filesystem.solaris.sparcv9.nl_ja" unpack="false" version="4.5.0.v20151128060001" download-size="1365" install-size="1365" />
	<plugin fragment="true" id="org.eclipse.core.filesystem.win32.ia64.nl_ja" unpack="false" version="4.5.0.v20151128060001" download-size="1364" install-size="1364" />
	<plugin fragment="true" id="org.eclipse.core.filesystem.win32.x86.nl_ja" unpack="false" version="4.5.0.v20151128060001" download-size="1463" install-size="1463" />
	<plugin fragment="true" id="org.eclipse.core.filesystem.win32.x86_64.nl_ja" unpack="false" version="4.5.0.v20151128060001" download-size="1470" install-size="1470" />
	<plugin fragment="true" id="org.eclipse.core.net.linux.x86.nl_ja" unpack="false" version="4.5.0.v20151128060001" download-size="1437" install-size="1437" />
	<plugin fragment="true" id="org.eclipse.core.net.linux.x86_64.nl_ja" unpack="false" version="4.5.0.v20151128060001" download-size="1452" install-size="1452" />
	<plugin fragment="true" id="org.eclipse.core.net.nl_ja" unpack="false" version="4.5.0.v20151128060001" download-size="2294" install-size="2294" />
	<plugin fragment="true" id="org.eclipse.core.net.win32.x86.nl_ja" unpack="false" version="4.5.0.v20151128060001" download-size="1445" install-size="1445" />
	<plugin fragment="true" id="org.eclipse.core.net.win32.x86_64.nl_ja" unpack="false" version="4.5.0.v20151128060001" download-size="1448" install-size="1448" />
	<plugin fragment="true" id="org.eclipse.core.resources.nl_ja" unpack="false" version="4.5.0.v20151128060001" download-size="10559" install-size="10559" />
	<plugin fragment="true" id="org.eclipse.core.variables.nl_ja" unpack="false" version="4.5.0.v20151128060001" download-size="2603" install-size="2603" />
	<plugin fragment="true" id="org.eclipse.debug.core.nl_ja" unpack="false" version="4.5.0.v20151128060001" download-size="7915" install-size="7915" />
	<plugin fragment="true" id="org.eclipse.debug.examples.core.nl_ja" unpack="false" version="4.5.0.v20151128060001" download-size="1805" install-size="1805" />
	<plugin fragment="true" id="org.eclipse.debug.examples.memory.nl_ja" unpack="false" version="4.5.0.v20151128060001" download-size="2682" install-size="2682" />
	<plugin fragment="true" id="org.eclipse.debug.examples.mixedmode.nl_ja" unpack="false" version="4.5.0.v20151128060001" download-size="1585" install-size="1585" />
	<plugin fragment="true" id="org.eclipse.debug.examples.ui.nl_ja" unpack="false" version="4.5.0.v20151128060001" download-size="3175" install-size="3175" />
	<plugin fragment="true" id="org.eclipse.debug.ui.nl_ja" unpack="false" version="4.5.0.v20151128060001" download-size="38110" install-size="38110" />
	<plugin fragment="true" id="org.eclipse.e4.core.commands.nl_ja" unpack="false" version="4.5.0.v20151128060001" download-size="1396" install-size="1396" />
	<plugin fragment="true" id="org.eclipse.e4.demo.contacts.nl_ja" unpack="false" version="4.5.0.v20151128060001" download-size="1588" install-size="1588" />
	<plugin fragment="true" id="org.eclipse.e4.emf.xpath.nl_ja" unpack="false" version="4.5.0.v20151128060001" download-size="1577" install-size="1577" />
	<plugin fragment="true" id="org.eclipse.e4.ui.bindings.nl_ja" unpack="false" version="4.5.0.v20151128060001" download-size="1353" install-size="1353" />
	<plugin fragment="true" id="org.eclipse.e4.ui.css.core.nl_ja" unpack="false" version="4.5.0.v20151128060001" download-size="1477" install-size="1477" />
	<plugin fragment="true" id="org.eclipse.e4.ui.css.swt.nl_ja" unpack="false" version="4.5.0.v20151128060001" download-size="1388" install-size="1388" />
	<plugin fragment="true" id="org.eclipse.e4.ui.css.swt.theme.nl_ja" unpack="false" version="4.5.0.v20151128060001" download-size="1390" install-size="1390" />
	<plugin fragment="true" id="org.eclipse.e4.ui.di.nl_ja" unpack="false" version="4.5.0.v20151128060001" download-size="1396" install-size="1396" />
	<plugin fragment="true" id="org.eclipse.e4.ui.dialogs.nl_ja" unpack="false" version="4.5.0.v20151128060001" download-size="2451" install-size="2451" />
	<plugin fragment="true" id="org.eclipse.e4.ui.menu.tests.p3.nl_ja" unpack="false" version="4.5.0.v20151128060001" download-size="1576" install-size="1576" />
	<plugin fragment="true" id="org.eclipse.e4.ui.model.workbench.nl_ja" unpack="false" version="4.5.0.v20151128060001" download-size="1473" install-size="1473" />
	<plugin fragment="true" id="org.eclipse.e4.ui.progress.nl_ja" unpack="false" version="4.5.0.v20151128060001" download-size="3926" install-size="3926" />
	<plugin fragment="true" id="org.eclipse.e4.ui.services.nl_ja" unpack="false" version="4.5.0.v20151128060001" download-size="1410" install-size="1410" />
	<plugin fragment="true" id="org.eclipse.e4.ui.swt.gtk.nl_ja" unpack="false" version="4.5.0.v20151128060001" download-size="1363" install-size="1363" />
	<plugin fragment="true" id="org.eclipse.e4.ui.widgets.nl_ja" unpack="false" version="4.5.0.v20151128060001" download-size="1351" install-size="1351" />
	<plugin fragment="true" id="org.eclipse.e4.ui.workbench.addons.swt.nl_ja" unpack="false" version="4.5.0.v20151128060001" download-size="2742" install-size="2742" />
	<plugin fragment="true" id="org.eclipse.e4.ui.workbench.nl_ja" unpack="false" version="4.5.0.v20151128060001" download-size="1463" install-size="1463" />
	<plugin fragment="true" id="org.eclipse.e4.ui.workbench.renderers.swt.cocoa.nl_ja" unpack="false" version="4.5.0.v20151128060001" download-size="3132" install-size="3132" />
	<plugin fragment="true" id="org.eclipse.e4.ui.workbench.renderers.swt.nl_ja" unpack="false" version="4.5.0.v20151128060001" download-size="3737" install-size="3737" />
	<plugin fragment="true" id="org.eclipse.e4.ui.workbench.swt.nl_ja" unpack="false" version="4.5.0.v20151128060001" download-size="3634" install-size="3634" />
	<plugin fragment="true" id="org.eclipse.e4.ui.workbench3.nl_ja" unpack="false" version="4.5.0.v20151128060001" download-size="1355" install-size="1355" />
	<plugin fragment="true" id="org.eclipse.equinox.frameworkadmin.equinox.nl_ja" unpack="false" version="4.5.0.v20151128060001" download-size="3221" install-size="3221" />
	<plugin fragment="true" id="org.eclipse.equinox.frameworkadmin.nl_ja" unpack="false" version="4.5.0.v20151128060001" download-size="1358" install-size="1358" />
	<plugin fragment="true" id="org.eclipse.equinox.launcher.cocoa.macosx.x86_64.nl_ja" unpack="false" version="4.5.0.v20151128060001" download-size="1460" install-size="1460" />
	<plugin fragment="true" id="org.eclipse.equinox.launcher.gtk.aix.ppc.nl_ja" unpack="false" version="4.5.0.v20151128060001" download-size="1436" install-size="1436" />
	<plugin fragment="true" id="org.eclipse.equinox.launcher.gtk.aix.ppc64.nl_ja" unpack="false" version="4.5.0.v20151128060001" download-size="1443" install-size="1443" />
	<plugin fragment="true" id="org.eclipse.equinox.launcher.gtk.hpux.ia64.nl_ja" unpack="false" version="4.5.0.v20151128060001" download-size="1394" install-size="1394" />
	<plugin fragment="true" id="org.eclipse.equinox.launcher.gtk.hpux.ia64_32.nl_ja" unpack="false" version="4.5.0.v20151128060001" download-size="1453" install-size="1453" />
	<plugin fragment="true" id="org.eclipse.equinox.launcher.gtk.linux.ppc.nl_ja" unpack="false" version="4.5.0.v20151128060001" download-size="1450" install-size="1450" />
	<plugin fragment="true" id="org.eclipse.equinox.launcher.gtk.linux.ppc64.nl_ja" unpack="false" version="4.5.0.v20151128060001" download-size="1448" install-size="1448" />
	<plugin fragment="true" id="org.eclipse.equinox.launcher.gtk.linux.ppc64le.nl_ja" unpack="false" version="4.5.0.v20151128060001" download-size="1406" install-size="1406" />
	<plugin fragment="true" id="org.eclipse.equinox.launcher.gtk.linux.s390.nl_ja" unpack="false" version="4.5.0.v20151128060001" download-size="1500" install-size="1500" />
	<plugin fragment="true" id="org.eclipse.equinox.launcher.gtk.linux.s390x.nl_ja" unpack="false" version="4.5.0.v20151128060001" download-size="1505" install-size="1505" />
	<plugin fragment="true" id="org.eclipse.equinox.launcher.gtk.linux.x86.nl_ja" unpack="false" version="4.5.0.v20151128060001" download-size="1499" install-size="1499" />
	<plugin fragment="true" id="org.eclipse.equinox.launcher.gtk.linux.x86_64.nl_ja" unpack="false" version="4.5.0.v20151128060001" download-size="1511" install-size="1511" />
	<plugin fragment="true" id="org.eclipse.equinox.launcher.gtk.solaris.sparc.nl_ja" unpack="false" version="4.5.0.v20151128060001" download-size="1453" install-size="1453" />
	<plugin fragment="true" id="org.eclipse.equinox.launcher.gtk.solaris.x86.nl_ja" unpack="false" version="4.5.0.v20151128060001" download-size="1506" install-size="1506" />
	<plugin fragment="true" id="org.eclipse.equinox.launcher.nl_ja" unpack="false" version="4.5.0.v20151128060001" download-size="1396" install-size="1396" />
	<plugin fragment="true" id="org.eclipse.equinox.launcher.win32.win32.ia64.nl_ja" unpack="false" version="4.5.0.v20151128060001" download-size="1460" install-size="1460" />
	<plugin fragment="true" id="org.eclipse.equinox.launcher.win32.win32.x86.nl_ja" unpack="false" version="4.5.0.v20151128060001" download-size="1501" install-size="1501" />
	<plugin fragment="true" id="org.eclipse.equinox.launcher.win32.win32.x86_64.nl_ja" unpack="false" version="4.5.0.v20151128060001" download-size="1514" install-size="1514" />
	<plugin fragment="true" id="org.eclipse.equinox.launcher.wpf.win32.x86.nl_ja" unpack="false" version="4.5.0.v20151128060001" download-size="1499" install-size="1499" />
	<plugin fragment="true" id="org.eclipse.equinox.p2.artifact.optimizers.nl_ja" unpack="false" version="4.5.0.v20151128060001" download-size="2932" install-size="2932" />
	<plugin fragment="true" id="org.eclipse.equinox.p2.artifact.processors.nl_ja" unpack="false" version="4.5.0.v20151128060001" download-size="1362" install-size="1362" />
	<plugin fragment="true" id="org.eclipse.equinox.p2.artifact.repository.nl_ja" unpack="false" version="4.5.0.v20151128060001" download-size="7146" install-size="7146" />
	<plugin fragment="true" id="org.eclipse.equinox.p2.console.nl_ja" unpack="false" version="4.5.0.v20151128060001" download-size="2746" install-size="2746" />
	<plugin fragment="true" id="org.eclipse.equinox.p2.core.nl_ja" unpack="false" version="4.5.0.v20151128060001" download-size="2756" install-size="2756" />
	<plugin fragment="true" id="org.eclipse.equinox.p2.director.app.nl_ja" unpack="false" version="4.5.0.v20151128060001" download-size="4845" install-size="4845" />
	<plugin fragment="true" id="org.eclipse.equinox.p2.director.nl_ja" unpack="false" version="4.5.0.v20151128060001" download-size="3654" install-size="3654" />
	<plugin fragment="true" id="org.eclipse.equinox.p2.directorywatcher.nl_ja" unpack="false" version="4.5.0.v20151128060001" download-size="3033" install-size="3033" />
	<plugin fragment="true" id="org.eclipse.equinox.p2.discovery.compatibility.nl_ja" unpack="false" version="4.5.0.v20151128060001" download-size="3895" install-size="3895" />
	<plugin fragment="true" id="org.eclipse.equinox.p2.discovery.nl_ja" unpack="false" version="4.5.0.v20151128060001" download-size="3643" install-size="3643" />
	<plugin fragment="true" id="org.eclipse.equinox.p2.engine.nl_ja" unpack="false" version="4.5.0.v20151128060001" download-size="4505" install-size="4505" />
	<plugin fragment="true" id="org.eclipse.equinox.p2.examples.rcp.cloud.nl_ja" unpack="false" version="4.5.0.v20151128060001" download-size="1497" install-size="1497" />
	<plugin fragment="true" id="org.eclipse.equinox.p2.examples.rcp.discovery.nl_ja" unpack="false" version="4.5.0.v20151128060001" download-size="1503" install-size="1503" />
	<plugin fragment="true" id="org.eclipse.equinox.p2.examples.rcp.sdkbundlevisibility.nl_ja" unpack="false" version="4.5.0.v20151128060001" download-size="3607" install-size="3607" />
	<plugin fragment="true" id="org.eclipse.equinox.p2.extensionlocation.nl_ja" unpack="false" version="4.5.0.v20151128060001" download-size="2793" install-size="2793" />
	<plugin fragment="true" id="org.eclipse.equinox.p2.garbagecollector.nl_ja" unpack="false" version="4.5.0.v20151128060001" download-size="2499" install-size="2499" />
	<plugin fragment="true" id="org.eclipse.equinox.p2.installer.nl_ja" unpack="false" version="4.5.0.v20151128060001" download-size="3765" install-size="3765" />
	<plugin fragment="true" id="org.eclipse.equinox.p2.jarprocessor.nl_ja" unpack="false" version="4.5.0.v20151128060001" download-size="1356" install-size="1356" />
	<plugin fragment="true" id="org.eclipse.equinox.p2.metadata.nl_ja" unpack="false" version="4.5.0.v20151128060001" download-size="2889" install-size="2889" />
	<plugin fragment="true" id="org.eclipse.equinox.p2.metadata.repository.nl_ja" unpack="false" version="4.5.0.v20151128060001" download-size="2890" install-size="2890" />
	<plugin fragment="true" id="org.eclipse.equinox.p2.operations.nl_ja" unpack="false" version="4.5.0.v20151128060001" download-size="3756" install-size="3756" />
	<plugin fragment="true" id="org.eclipse.equinox.p2.publisher.eclipse.nl_ja" unpack="false" version="4.5.0.v20151128060001" download-size="3732" install-size="3732" />
	<plugin fragment="true" id="org.eclipse.equinox.p2.publisher.nl_ja" unpack="false" version="4.5.0.v20151128060001" download-size="3285" install-size="3285" />
	<plugin fragment="true" id="org.eclipse.equinox.p2.reconciler.dropins.nl_ja" unpack="false" version="4.5.0.v20151128060001" download-size="2868" install-size="2868" />
	<plugin fragment="true" id="org.eclipse.equinox.p2.repository.nl_ja" unpack="false" version="4.5.0.v20151128060001" download-size="6039" install-size="6039" />
	<plugin fragment="true" id="org.eclipse.equinox.p2.repository.tools.nl_ja" unpack="false" version="4.5.0.v20151128060001" download-size="5368" install-size="5368" />
	<plugin fragment="true" id="org.eclipse.equinox.p2.tests.discovery.nl_ja" unpack="false" version="4.5.0.v20151128060001" download-size="1438" install-size="1438" />
	<plugin fragment="true" id="org.eclipse.equinox.p2.tests.ui.nl_ja" unpack="false" version="4.5.0.v20151128060001" download-size="1355" install-size="1355" />
	<plugin fragment="true" id="org.eclipse.equinox.p2.tests.verifier.nl_ja" unpack="false" version="4.5.0.v20151128060001" download-size="5135" install-size="5135" />
	<plugin fragment="true" id="org.eclipse.equinox.p2.touchpoint.eclipse.nl_ja" unpack="false" version="4.5.0.v20151128060001" download-size="5240" install-size="5240" />
	<plugin fragment="true" id="org.eclipse.equinox.p2.touchpoint.natives.nl_ja" unpack="false" version="4.5.0.v20151128060001" download-size="3990" install-size="3990" />
	<plugin fragment="true" id="org.eclipse.equinox.p2.transport.ecf.nl_ja" unpack="false" version="4.5.0.v20151128060001" download-size="3747" install-size="3747" />
	<plugin fragment="true" id="org.eclipse.equinox.p2.ui.admin.nl_ja" unpack="false" version="4.5.0.v20151128060001" download-size="3913" install-size="3913" />
	<plugin fragment="true" id="org.eclipse.equinox.p2.ui.admin.rcp.nl_ja" unpack="false" version="4.5.0.v20151128060001" download-size="2930" install-size="2930" />
	<plugin fragment="true" id="org.eclipse.equinox.p2.ui.discovery.nl_ja" unpack="false" version="4.5.0.v20151128060001" download-size="5086" install-size="5086" />
	<plugin fragment="true" id="org.eclipse.equinox.p2.ui.importexport.nl_ja" unpack="false" version="4.5.0.v20151128060001" download-size="4248" install-size="4248" />
	<plugin fragment="true" id="org.eclipse.equinox.p2.ui.nl_ja" unpack="false" version="4.5.0.v20151128060001" download-size="8106" install-size="8106" />
	<plugin fragment="true" id="org.eclipse.equinox.p2.ui.sdk.nl_ja" unpack="false" version="4.5.0.v20151128060001" download-size="3996" install-size="3996" />
	<plugin fragment="true" id="org.eclipse.equinox.p2.ui.sdk.scheduler.nl_ja" unpack="false" version="4.5.0.v20151128060001" download-size="5134" install-size="5134" />
	<plugin fragment="true" id="org.eclipse.equinox.p2.updatechecker.nl_ja" unpack="false" version="4.5.0.v20151128060001" download-size="1358" install-size="1358" />
	<plugin fragment="true" id="org.eclipse.equinox.p2.updatesite.nl_ja" unpack="false" version="4.5.0.v20151128060001" download-size="3139" install-size="3139" />
	<plugin fragment="true" id="org.eclipse.equinox.simpleconfigurator.manipulator.nl_ja" unpack="false" version="4.5.0.v20151128060001" download-size="1368" install-size="1368" />
	<plugin fragment="true" id="org.eclipse.equinox.simpleconfigurator.nl_ja" unpack="false" version="4.5.0.v20151128060001" download-size="1359" install-size="1359" />
	<plugin fragment="true" id="org.eclipse.help.base.nl_ja" unpack="false" version="4.5.0.v20151128060001" download-size="4283" install-size="4283" />
	<plugin fragment="true" id="org.eclipse.help.nl_ja" unpack="false" version="4.5.0.v20151128060001" download-size="1519" install-size="1519" />
	<plugin fragment="true" id="org.eclipse.help.ui.nl_ja" unpack="false" version="4.5.0.v20151128060001" download-size="6834" install-size="6834" />
	<plugin fragment="true" id="org.eclipse.help.webapp.nl_ja" unpack="false" version="4.5.0.v20151128060001" download-size="6262" install-size="6262" />
	<plugin fragment="true" id="org.eclipse.jdt.annotation.nl_ja" unpack="false" version="4.5.0.v20151128060001" download-size="1351" install-size="1351" />
	<plugin fragment="true" id="org.eclipse.jdt.annotation_v1.nl_ja" unpack="false" version="4.5.0.v20151128060001" download-size="1354" install-size="1354" />
	<plugin fragment="true" id="org.eclipse.jdt.apt.core.nl_ja" unpack="false" version="4.5.0.v20151128060001" download-size="4028" install-size="4028" />
	<plugin fragment="true" id="org.eclipse.jdt.apt.pluggable.core.nl_ja" unpack="false" version="4.5.0.v20151128060001" download-size="1460" install-size="1460" />
	<plugin fragment="true" id="org.eclipse.jdt.apt.ui.nl_ja" unpack="false" version="4.5.0.v20151128060001" download-size="4902" install-size="4902" />
	<plugin fragment="true" id="org.eclipse.jdt.astview.nl_ja" unpack="false" version="4.5.0.v20151128060001" download-size="1350" install-size="1350" />
	<plugin fragment="true" id="org.eclipse.jdt.compiler.apt.nl_ja" unpack="false" version="4.5.0.v20151128060001" download-size="1427" install-size="1427" />
	<plugin fragment="true" id="org.eclipse.jdt.compiler.tool.nl_ja" unpack="false" version="4.5.0.v20151128060001" download-size="1444" install-size="1444" />
	<plugin fragment="true" id="org.eclipse.jdt.core.manipulation.nl_ja" unpack="false" version="4.5.0.v20151128060001" download-size="4454" install-size="4454" />
	<plugin fragment="true" id="org.eclipse.jdt.core.nl_ja" unpack="false" version="4.5.0.v20151128060001" download-size="28956" install-size="28956" />
	<plugin fragment="true" id="org.eclipse.jdt.core.tests.builder.nl_ja" unpack="false" version="4.5.0.v20151128060001" download-size="1395" install-size="1395" />
	<plugin fragment="true" id="org.eclipse.jdt.core.tests.compiler.nl_ja" unpack="false" version="4.5.0.v20151128060001" download-size="1405" install-size="1405" />
	<plugin fragment="true" id="org.eclipse.jdt.core.tests.model.nl_ja" unpack="false" version="4.5.0.v20151128060001" download-size="12700" install-size="12700" />
	<plugin fragment="true" id="org.eclipse.jdt.core.tests.performance.nl_ja" unpack="false" version="4.5.0.v20151128060001" download-size="1413" install-size="1413" />
	<plugin fragment="true" id="org.eclipse.jdt.debug.nl_ja" unpack="false" version="4.5.0.v20151128060001" download-size="24823" install-size="24823" />
	<plugin fragment="true" id="org.eclipse.jdt.debug.ui.nl_ja" unpack="false" version="4.5.0.v20151128060001" download-size="35159" install-size="35159" />
	<plugin fragment="true" id="org.eclipse.jdt.jeview.nl_ja" unpack="false" version="4.5.0.v20151128060001" download-size="1408" install-size="1408" />
	<plugin fragment="true" id="org.eclipse.jdt.junit.core.nl_ja" unpack="false" version="4.5.0.v20151128060001" download-size="4500" install-size="4500" />
	<plugin fragment="true" id="org.eclipse.jdt.junit.nl_ja" unpack="false" version="4.5.0.v20151128060001" download-size="10992" install-size="10992" />
	<plugin fragment="true" id="org.eclipse.jdt.junit.runtime.nl_ja" unpack="false" version="4.5.0.v20151128060001" download-size="3081" install-size="3081" />
	<plugin fragment="true" id="org.eclipse.jdt.junit4.runtime.nl_ja" unpack="false" version="4.5.0.v20151128060001" download-size="1427" install-size="1427" />
	<plugin fragment="true" id="org.eclipse.jdt.launching.macosx.nl_ja" unpack="false" version="4.5.0.v20151128060001" download-size="2611" install-size="2611" />
	<plugin fragment="true" id="org.eclipse.jdt.launching.nl_ja" unpack="false" version="4.5.0.v20151128060001" download-size="8272" install-size="8272" />
	<plugin fragment="true" id="org.eclipse.jdt.launching.ui.macosx.nl_ja" unpack="false" version="4.5.0.v20151128060001" download-size="3336" install-size="3336" />
	<plugin fragment="true" id="org.eclipse.jdt.nl_ja" unpack="false" version="4.5.0.v20151128060001" download-size="1606" install-size="1606" />
	<plugin fragment="true" id="org.eclipse.jdt.ui.examples.javafamily.nl_ja" unpack="false" version="4.5.0.v20151128060001" download-size="2724" install-size="2724" />
	<plugin fragment="true" id="org.eclipse.jdt.ui.examples.projects.nl_ja" unpack="false" version="4.5.0.v20151128060001" download-size="2834" install-size="2834" />
	<plugin fragment="true" id="org.eclipse.jdt.ui.nl_ja" unpack="false" version="4.5.0.v20151128060001" download-size="196470" install-size="196470" />
	<plugin fragment="true" id="org.eclipse.jdt.ui.tests.refactoring.nl_ja" unpack="false" version="4.5.0.v20151128060001" download-size="1419" install-size="1419" />
	<plugin fragment="true" id="org.eclipse.jface.databinding.nl_ja" unpack="false" version="4.5.0.v20151128060001" download-size="1421" install-size="1421" />
	<plugin fragment="true" id="org.eclipse.jface.examples.databinding.nl_ja" unpack="false" version="4.5.0.v20151128060001" download-size="1418" install-size="1418" />
	<plugin fragment="true" id="org.eclipse.jface.nl_ja" unpack="false" version="4.5.0.v20151128060001" download-size="5887" install-size="5887" />
	<plugin fragment="true" id="org.eclipse.jface.tests.databinding.conformance.nl_ja" unpack="false" version="4.5.0.v20151128060001" download-size="1437" install-size="1437" />
	<plugin fragment="true" id="org.eclipse.jface.tests.databinding.nl_ja" unpack="false" version="4.5.0.v20151128060001" download-size="1415" install-size="1415" />
	<plugin fragment="true" id="org.eclipse.jface.text.nl_ja" unpack="false" version="4.5.0.v20151128060001" download-size="13259" install-size="13259" />
	<plugin fragment="true" id="org.eclipse.jsch.core.nl_ja" unpack="false" version="4.5.0.v20151128060001" download-size="2550" install-size="2550" />
	<plugin fragment="true" id="org.eclipse.jsch.ui.nl_ja" unpack="false" version="4.5.0.v20151128060001" download-size="4413" install-size="4413" />
	<plugin fragment="true" id="org.eclipse.ltk.core.refactoring.nl_ja" unpack="false" version="4.5.0.v20151128060001" download-size="6165" install-size="6165" />
	<plugin fragment="true" id="org.eclipse.ltk.ui.refactoring.nl_ja" unpack="false" version="4.5.0.v20151128060001" download-size="9080" install-size="9080" />
	<plugin fragment="true" id="org.eclipse.osgi.compatibility.plugins.nl_ja" unpack="false" version="4.5.0.v20151128060001" download-size="3039" install-size="3039" />
	<plugin fragment="true" id="org.eclipse.osgi.compatibility.state.nl_ja" unpack="false" version="4.5.0.v20151128060001" download-size="3257" install-size="3257" />
	<plugin fragment="true" id="org.eclipse.osgi.nl_ja" unpack="false" version="4.5.0.v20151128060001" download-size="7060" install-size="7060" />
	<plugin fragment="true" id="org.eclipse.osgi.services.nl_ja" unpack="false" version="4.5.0.v20151128060001" download-size="1349" install-size="1349" />
	<plugin fragment="true" id="org.eclipse.osgi.util.nl_ja" unpack="false" version="4.5.0.v20151128060001" download-size="1434" install-size="1434" />
	<plugin fragment="true" id="org.eclipse.pde.api.tools.annotations.nl_ja" unpack="false" version="4.5.0.v20151128060001" download-size="1583" install-size="1583" />
	<plugin fragment="true" id="org.eclipse.pde.api.tools.ee.cdcfoundation10.nl_ja" unpack="false" version="4.5.0.v20151128060001" download-size="1457" install-size="1457" />
	<plugin fragment="true" id="org.eclipse.pde.api.tools.ee.cdcfoundation11.nl_ja" unpack="false" version="4.5.0.v20151128060001" download-size="1456" install-size="1456" />
	<plugin fragment="true" id="org.eclipse.pde.api.tools.ee.j2se12.nl_ja" unpack="false" version="4.5.0.v20151128060001" download-size="1424" install-size="1424" />
	<plugin fragment="true" id="org.eclipse.pde.api.tools.ee.j2se13.nl_ja" unpack="false" version="4.5.0.v20151128060001" download-size="1425" install-size="1425" />
	<plugin fragment="true" id="org.eclipse.pde.api.tools.ee.j2se14.nl_ja" unpack="false" version="4.5.0.v20151128060001" download-size="1424" install-size="1424" />
	<plugin fragment="true" id="org.eclipse.pde.api.tools.ee.j2se15.nl_ja" unpack="false" version="4.5.0.v20151128060001" download-size="1424" install-size="1424" />
	<plugin fragment="true" id="org.eclipse.pde.api.tools.ee.javase16.nl_ja" unpack="false" version="4.5.0.v20151128060001" download-size="1431" install-size="1431" />
	<plugin fragment="true" id="org.eclipse.pde.api.tools.ee.javase17.nl_ja" unpack="false" version="4.5.0.v20151128060001" download-size="1431" install-size="1431" />
	<plugin fragment="true" id="org.eclipse.pde.api.tools.ee.javase18.nl_ja" unpack="false" version="4.5.0.v20151128060001" download-size="1583" install-size="1583" />
	<plugin fragment="true" id="org.eclipse.pde.api.tools.ee.jre11.nl_ja" unpack="false" version="4.5.0.v20151128060001" download-size="1419" install-size="1419" />
	<plugin fragment="true" id="org.eclipse.pde.api.tools.ee.osgiminimum10.nl_ja" unpack="false" version="4.5.0.v20151128060001" download-size="1439" install-size="1439" />
	<plugin fragment="true" id="org.eclipse.pde.api.tools.ee.osgiminimum11.nl_ja" unpack="false" version="4.5.0.v20151128060001" download-size="1447" install-size="1447" />
	<plugin fragment="true" id="org.eclipse.pde.api.tools.ee.osgiminimum12.nl_ja" unpack="false" version="4.5.0.v20151128060001" download-size="1447" install-size="1447" />
	<plugin fragment="true" id="org.eclipse.pde.api.tools.generator.nl_ja" unpack="false" version="4.5.0.v20151128060001" download-size="1776" install-size="1776" />
	<plugin fragment="true" id="org.eclipse.pde.api.tools.nl_ja" unpack="false" version="4.5.0.v20151128060001" download-size="16887" install-size="16887" />
	<plugin fragment="true" id="org.eclipse.pde.api.tools.ui.nl_ja" unpack="false" version="4.5.0.v20151128060001" download-size="16576" install-size="16576" />
	<plugin fragment="true" id="org.eclipse.pde.core.nl_ja" unpack="false" version="4.5.0.v20151128060001" download-size="12176" install-size="12176" />
	<plugin fragment="true" id="org.eclipse.pde.ds.core.nl_ja" unpack="false" version="4.5.0.v20151128060001" download-size="3274" install-size="3274" />
	<plugin fragment="true" id="org.eclipse.pde.ds.ui.nl_ja" unpack="false" version="4.5.0.v20151128060001" download-size="3634" install-size="3634" />
	<plugin fragment="true" id="org.eclipse.pde.junit.runtime.nl_ja" unpack="false" version="4.5.0.v20151128060001" download-size="1406" install-size="1406" />
	<plugin fragment="true" id="org.eclipse.pde.launching.nl_ja" unpack="false" version="4.5.0.v20151128060001" download-size="3497" install-size="3497" />
	<plugin fragment="true" id="org.eclipse.pde.nl_ja" unpack="false" version="4.5.0.v20151128060001" download-size="2014" install-size="2014" />
	<plugin fragment="true" id="org.eclipse.pde.runtime.nl_ja" unpack="false" version="4.5.0.v20151128060001" download-size="3933" install-size="3933" />
	<plugin fragment="true" id="org.eclipse.pde.ua.core.nl_ja" unpack="false" version="4.5.0.v20151128060001" download-size="1499" install-size="1499" />
	<plugin fragment="true" id="org.eclipse.pde.ua.ui.nl_ja" unpack="false" version="4.5.0.v20151128060001" download-size="16960" install-size="16960" />
	<plugin fragment="true" id="org.eclipse.pde.ui.nl_ja" unpack="false" version="4.5.0.v20151128060001" download-size="53665" install-size="53665" />
	<plugin fragment="true" id="org.eclipse.pde.ui.templates.nl_ja" unpack="false" version="4.5.0.v20151128060001" download-size="11231" install-size="11231" />
	<plugin fragment="true" id="org.eclipse.platform.nl_ja" unpack="false" version="4.5.0.v20151128060001" download-size="2876" install-size="2876" />
	<plugin fragment="true" id="org.eclipse.sdk.nl_ja" unpack="false" version="4.5.0.v20151128060001" download-size="3070" install-size="3070" />
	<plugin fragment="true" id="org.eclipse.search.nl_ja" unpack="false" version="4.5.0.v20151128060001" download-size="9493" install-size="9493" />
	<plugin fragment="true" id="org.eclipse.swt.cocoa.macosx.x86_64.nl_ja" unpack="false" version="4.5.0.v20151128060001" download-size="1493" install-size="1493" />
	<plugin fragment="true" id="org.eclipse.swt.examples.browser.demos.nl_ja" unpack="false" version="4.5.0.v20151128060001" download-size="2236" install-size="2236" />
	<plugin fragment="true" id="org.eclipse.swt.examples.launcher.nl_ja" unpack="false" version="4.5.0.v20151128060001" download-size="2345" install-size="2345" />
	<plugin fragment="true" id="org.eclipse.swt.examples.nl_ja" unpack="false" version="4.5.0.v20151128060001" download-size="21882" install-size="21882" />
	<plugin fragment="true" id="org.eclipse.swt.examples.ole.win32.nl_ja" unpack="false" version="4.5.0.v20151128060001" download-size="2416" install-size="2416" />
	<plugin fragment="true" id="org.eclipse.swt.examples.views.nl_ja" unpack="false" version="4.5.0.v20151128060001" download-size="2632" install-size="2632" />
	<plugin fragment="true" id="org.eclipse.swt.fragments.localbuild.nl_ja" unpack="false" version="4.5.0.v20151128060001" download-size="1355" install-size="1355" />
	<plugin fragment="true" id="org.eclipse.swt.gtk.aix.ppc.nl_ja" unpack="false" version="4.5.0.v20151128060001" download-size="1403" install-size="1403" />
	<plugin fragment="true" id="org.eclipse.swt.gtk.aix.ppc64.nl_ja" unpack="false" version="4.5.0.v20151128060001" download-size="1406" install-size="1406" />
	<plugin fragment="true" id="org.eclipse.swt.gtk.hpux.ia64.nl_ja" unpack="false" version="4.5.0.v20151128060001" download-size="1360" install-size="1360" />
	<plugin fragment="true" id="org.eclipse.swt.gtk.hpux.ia64_32.nl_ja" unpack="false" version="4.5.0.v20151128060001" download-size="1409" install-size="1409" />
	<plugin fragment="true" id="org.eclipse.swt.gtk.linux.ppc.nl_ja" unpack="false" version="4.5.0.v20151128060001" download-size="1359" install-size="1359" />
	<plugin fragment="true" id="org.eclipse.swt.gtk.linux.ppc64.nl_ja" unpack="false" version="4.5.0.v20151128060001" download-size="1407" install-size="1407" />
	<plugin fragment="true" id="org.eclipse.swt.gtk.linux.ppc64le.nl_ja" unpack="false" version="4.5.0.v20151128060001" download-size="1360" install-size="1360" />
	<plugin fragment="true" id="org.eclipse.swt.gtk.linux.s390.nl_ja" unpack="false" version="4.5.0.v20151128060001" download-size="1406" install-size="1406" />
	<plugin fragment="true" id="org.eclipse.swt.gtk.linux.s390x.nl_ja" unpack="false" version="4.5.0.v20151128060001" download-size="1407" install-size="1407" />
	<plugin fragment="true" id="org.eclipse.swt.gtk.linux.x86.nl_ja" unpack="false" version="4.5.0.v20151128060001" download-size="1406" install-size="1406" />
	<plugin fragment="true" id="org.eclipse.swt.gtk.linux.x86_64.nl_ja" unpack="false" version="4.5.0.v20151128060001" download-size="1409" install-size="1409" />
	<plugin fragment="true" id="org.eclipse.swt.gtk.solaris.sparc.nl_ja" unpack="false" version="4.5.0.v20151128060001" download-size="1408" install-size="1408" />
	<plugin fragment="true" id="org.eclipse.swt.gtk.solaris.x86.nl_ja" unpack="false" version="4.5.0.v20151128060001" download-size="1406" install-size="1406" />
	<plugin fragment="true" id="org.eclipse.swt.nl_ja" unpack="false" version="4.5.0.v20151128060001" download-size="3547" install-size="3547" />
	<plugin fragment="true" id="org.eclipse.swt.opengl.examples.nl_ja" unpack="false" version="4.5.0.v20151128060001" download-size="1768" install-size="1768" />
	<plugin fragment="true" id="org.eclipse.swt.snippets.nl_ja" unpack="false" version="4.5.0.v20151128060001" download-size="1350" install-size="1350" />
	<plugin fragment="true" id="org.eclipse.swt.tools.nl_ja" unpack="false" version="4.5.0.v20151128060001" download-size="1501" install-size="1501" />
	<plugin fragment="true" id="org.eclipse.swt.win32.wce_ppc.arm.nl_ja" unpack="false" version="4.5.0.v20151128060001" download-size="1433" install-size="1433" />
	<plugin fragment="true" id="org.eclipse.swt.win32.win32.ia64.nl_ja" unpack="false" version="4.5.0.v20151128060001" download-size="1432" install-size="1432" />
	<plugin fragment="true" id="org.eclipse.swt.win32.win32.x86.nl_ja" unpack="false" version="4.5.0.v20151128060001" download-size="1475" install-size="1475" />
	<plugin fragment="true" id="org.eclipse.swt.win32.win32.x86_64.nl_ja" unpack="false" version="4.5.0.v20151128060001" download-size="1479" install-size="1479" />
	<plugin fragment="true" id="org.eclipse.team.core.nl_ja" unpack="false" version="4.5.0.v20151128060001" download-size="5010" install-size="5010" />
	<plugin fragment="true" id="org.eclipse.team.cvs.core.nl_ja" unpack="false" version="4.5.0.v20151128060001" download-size="9129" install-size="9129" />
	<plugin fragment="true" id="org.eclipse.team.cvs.ssh2.nl_ja" unpack="false" version="4.5.0.v20151128060001" download-size="3818" install-size="3818" />
	<plugin fragment="true" id="org.eclipse.team.cvs.ui.nl_ja" unpack="false" version="4.5.0.v20151128060001" download-size="30970" install-size="30970" />
	<plugin fragment="true" id="org.eclipse.team.examples.filesystem.nl_ja" unpack="false" version="4.5.0.v20151128060001" download-size="3527" install-size="3527" />
	<plugin fragment="true" id="org.eclipse.team.tests.core.nl_ja" unpack="false" version="4.5.0.v20151128060001" download-size="1353" install-size="1353" />
	<plugin fragment="true" id="org.eclipse.team.tests.cvs.core.nl_ja" unpack="false" version="4.5.0.v20151128060001" download-size="1610" install-size="1610" />
	<plugin fragment="true" id="org.eclipse.team.ui.nl_ja" unpack="false" version="4.5.0.v20151128060001" download-size="15870" install-size="15870" />
	<plugin fragment="true" id="org.eclipse.text.nl_ja" unpack="false" version="4.5.0.v20151128060001" download-size="4587" install-size="4587" />
	<plugin fragment="true" id="org.eclipse.ui.browser.nl_ja" unpack="false" version="4.5.0.v20151128060001" download-size="3840" install-size="3840" />
	<plugin fragment="true" id="org.eclipse.ui.cheatsheets.nl_ja" unpack="false" version="4.5.0.v20151128060001" download-size="6448" install-size="6448" />
	<plugin fragment="true" id="org.eclipse.ui.cocoa.nl_ja" unpack="false" version="4.5.0.v20151128060001" download-size="1388" install-size="1388" />
	<plugin fragment="true" id="org.eclipse.ui.console.nl_ja" unpack="false" version="4.5.0.v20151128060001" download-size="3689" install-size="3689" />
	<plugin fragment="true" id="org.eclipse.ui.editors.nl_ja" unpack="false" version="4.5.0.v20151128060001" download-size="15522" install-size="15522" />
	<plugin fragment="true" id="org.eclipse.ui.examples.contributions.nl_ja" unpack="false" version="4.5.0.v20151128060001" download-size="3536" install-size="3536" />
	<plugin fragment="true" id="org.eclipse.ui.examples.fieldassist.nl_ja" unpack="false" version="4.5.0.v20151128060001" download-size="3984" install-size="3984" />
	<plugin fragment="true" id="org.eclipse.ui.examples.javaeditor.nl_ja" unpack="false" version="4.5.0.v20151128060001" download-size="4314" install-size="4314" />
	<plugin fragment="true" id="org.eclipse.ui.examples.job.nl_ja" unpack="false" version="4.5.0.v20151128060001" download-size="1353" install-size="1353" />
	<plugin fragment="true" id="org.eclipse.ui.examples.multipageeditor.nl_ja" unpack="false" version="4.5.0.v20151128060001" download-size="2514" install-size="2514" />
	<plugin fragment="true" id="org.eclipse.ui.examples.navigator.nl_ja" unpack="false" version="4.5.0.v20151128060001" download-size="1425" install-size="1425" />
	<plugin fragment="true" id="org.eclipse.ui.examples.propertysheet.nl_ja" unpack="false" version="4.5.0.v20151128060001" download-size="3885" install-size="3885" />
	<plugin fragment="true" id="org.eclipse.ui.examples.rcp.browser.nl_ja" unpack="false" version="4.5.0.v20151128060001" download-size="1455" install-size="1455" />
	<plugin fragment="true" id="org.eclipse.ui.examples.readmetool.nl_ja" unpack="false" version="4.5.0.v20151128060001" download-size="4793" install-size="4793" />
	<plugin fragment="true" id="org.eclipse.ui.examples.undo.nl_ja" unpack="false" version="4.5.0.v20151128060001" download-size="2997" install-size="2997" />
	<plugin fragment="true" id="org.eclipse.ui.examples.views.properties.tabbed.article.nl_ja" unpack="false" version="4.5.0.v20151128060001" download-size="1539" install-size="1539" />
	<plugin fragment="true" id="org.eclipse.ui.examples.views.properties.tabbed.hockeyleague.nl_ja" unpack="false" version="4.5.0.v20151128060001" download-size="2613" install-size="2613" />
	<plugin fragment="true" id="org.eclipse.ui.examples.views.properties.tabbed.logic.nl_ja" unpack="false" version="4.5.0.v20151128060001" download-size="3605" install-size="3605" />
	<plugin fragment="true" id="org.eclipse.ui.externaltools.nl_ja" unpack="false" version="4.5.0.v20151128060001" download-size="9649" install-size="9649" />
	<plugin fragment="true" id="org.eclipse.ui.forms.examples.nl_ja" unpack="false" version="4.5.0.v20151128060001" download-size="1396" install-size="1396" />
	<plugin fragment="true" id="org.eclipse.ui.forms.nl_ja" unpack="false" version="4.5.0.v20151128060001" download-size="2465" install-size="2465" />
	<plugin fragment="true" id="org.eclipse.ui.ide.application.nl_ja" unpack="false" version="4.5.0.v20151128060001" download-size="1752" install-size="1752" />
	<plugin fragment="true" id="org.eclipse.ui.ide.nl_ja" unpack="false" version="4.5.0.v20151128060001" download-size="40989" install-size="40989" />
	<plugin fragment="true" id="org.eclipse.ui.images.nl_ja" unpack="false" version="4.5.0.v20151128060001" download-size="1348" install-size="1348" />
	<plugin fragment="true" id="org.eclipse.ui.intro.nl_ja" unpack="false" version="4.5.0.v20151128060001" download-size="4001" install-size="4001" />
	<plugin fragment="true" id="org.eclipse.ui.intro.universal.nl_ja" unpack="false" version="4.5.0.v20151128060001" download-size="8181" install-size="8181" />
	<plugin fragment="true" id="org.eclipse.ui.monitoring.nl_ja" unpack="false" version="4.5.0.v20151128060001" download-size="3251" install-size="3251" />
	<plugin fragment="true" id="org.eclipse.ui.navigator.nl_ja" unpack="false" version="4.5.0.v20151128060001" download-size="4441" install-size="4441" />
	<plugin fragment="true" id="org.eclipse.ui.navigator.resources.nl_ja" unpack="false" version="4.5.0.v20151128060001" download-size="3961" install-size="3961" />
	<plugin fragment="true" id="org.eclipse.ui.net.nl_ja" unpack="false" version="4.5.0.v20151128060001" download-size="2982" install-size="2982" />
	<plugin fragment="true" id="org.eclipse.ui.nl_ja" unpack="false" version="4.5.0.v20151128060001" download-size="6501" install-size="6501" />
	<plugin fragment="true" id="org.eclipse.ui.tests.navigator.nl_ja" unpack="false" version="4.5.0.v20151128060001" download-size="1542" install-size="1542" />
	<plugin fragment="true" id="org.eclipse.ui.tests.rcp.nl_ja" unpack="false" version="4.5.0.v20151128060001" download-size="1350" install-size="1350" />
	<plugin fragment="true" id="org.eclipse.ui.tests.views.properties.tabbed.nl_ja" unpack="false" version="4.5.0.v20151128060001" download-size="1543" install-size="1543" />
	<plugin fragment="true" id="org.eclipse.ui.themes.nl_ja" unpack="false" version="4.5.0.v20151128060001" download-size="1392" install-size="1392" />
	<plugin fragment="true" id="org.eclipse.ui.trace.nl_ja" unpack="false" version="4.5.0.v20151128060001" download-size="2721" install-size="2721" />
	<plugin fragment="true" id="org.eclipse.ui.views.log.nl_ja" unpack="false" version="4.5.0.v20151128060001" download-size="4148" install-size="4148" />
	<plugin fragment="true" id="org.eclipse.ui.views.nl_ja" unpack="false" version="4.5.0.v20151128060001" download-size="3432" install-size="3432" />
	<plugin fragment="true" id="org.eclipse.ui.views.properties.tabbed.nl_ja" unpack="false" version="4.5.0.v20151128060001" download-size="3269" install-size="3269" />
	<plugin fragment="true" id="org.eclipse.ui.win32.nl_ja" unpack="false" version="4.5.0.v20151128060001" download-size="2702" install-size="2702" />
	<plugin fragment="true" id="org.eclipse.ui.workbench.nl_ja" unpack="false" version="4.5.0.v20151128060001" download-size="32854" install-size="32854" />
	<plugin fragment="true" id="org.eclipse.ui.workbench.texteditor.nl_ja" unpack="false" version="4.5.0.v20151128060001" download-size="15505" install-size="15505" />
	<plugin fragment="true" id="org.eclipse.update.configurator.nl_ja" unpack="false" version="4.5.0.v20151128060001" download-size="3759" install-size="3759" />
	<plugin fragment="true" id="org.eclipse.update.core.nl_ja" unpack="false" version="4.5.0.v20151128060001" download-size="9730" install-size="9730" />
</feature>