<?xml version="1.0" encoding="UTF-8" ?>
<feature
	id="org.eclipse.babel.nls_eclipse_zh"
	label="Babel Language Pack for eclipse in Chinese (Simplified) (87.61%)"
	image="eclipse_update_120.jpg"
	provider-name="%providerName"
	version="4.5.0.v20151128060001">
	<copyright>
		%copyright
	</copyright>
	<license url="%licenseURL">
		%license
	</license>
	<description>Babel Language Pack for eclipse in Chinese (Simplified)</description>
	<plugin fragment="true" id="org.eclipse.ant.core.nl_zh" unpack="false" version="4.5.0.v20151128060001" download-size="4897" install-size="4897" />
	<plugin fragment="true" id="org.eclipse.ant.launching.nl_zh" unpack="false" version="4.5.0.v20151128060001" download-size="8056" install-size="8056" />
	<plugin fragment="true" id="org.eclipse.ant.tests.core.nl_zh" unpack="false" version="4.5.0.v20151128060001" download-size="2014" install-size="2014" />
	<plugin fragment="true" id="org.eclipse.ant.tests.ui.nl_zh" unpack="false" version="4.5.0.v20151128060001" download-size="1402" install-size="1402" />
	<plugin fragment="true" id="org.eclipse.ant.ui.nl_zh" unpack="false" version="4.5.0.v20151128060001" download-size="23480" install-size="23480" />
	<plugin fragment="true" id="org.eclipse.compare.core.nl_zh" unpack="false" version="4.5.0.v20151128060001" download-size="2469" install-size="2469" />
	<plugin fragment="true" id="org.eclipse.compare.examples.nl_zh" unpack="false" version="4.5.0.v20151128060001" download-size="2379" install-size="2379" />
	<plugin fragment="true" id="org.eclipse.compare.examples.xml.nl_zh" unpack="false" version="4.5.0.v20151128060001" download-size="3614" install-size="3614" />
	<plugin fragment="true" id="org.eclipse.compare.nl_zh" unpack="false" version="4.5.0.v20151128060001" download-size="15096" install-size="15096" />
	<plugin fragment="true" id="org.eclipse.compare.win32.nl_zh" unpack="false" version="4.5.0.v20151128060001" download-size="3249" install-size="3249" />
	<plugin fragment="true" id="org.eclipse.core.commands.nl_zh" unpack="false" version="4.5.0.v20151128060001" download-size="1384" install-size="1384" />
	<plugin fragment="true" id="org.eclipse.core.databinding.beans.nl_zh" unpack="false" version="4.5.0.v20151128060001" download-size="1421" install-size="1421" />
	<plugin fragment="true" id="org.eclipse.core.databinding.nl_zh" unpack="false" version="4.5.0.v20151128060001" download-size="2792" install-size="2792" />
	<plugin fragment="true" id="org.eclipse.core.databinding.observable.nl_zh" unpack="false" version="4.5.0.v20151128060001" download-size="1418" install-size="1418" />
	<plugin fragment="true" id="org.eclipse.core.databinding.property.nl_zh" unpack="false" version="4.5.0.v20151128060001" download-size="1420" install-size="1420" />
	<plugin fragment="true" id="org.eclipse.core.externaltools.nl_zh" unpack="false" version="4.5.0.v20151128060001" download-size="4160" install-size="4160" />
	<plugin fragment="true" id="org.eclipse.core.filebuffers.nl_zh" unpack="false" version="4.5.0.v20151128060001" download-size="4137" install-size="4137" />
	<plugin fragment="true" id="org.eclipse.core.filesystem.aix.ppc.nl_zh" unpack="false" version="4.5.0.v20151128060001" download-size="1479" install-size="1479" />
	<plugin fragment="true" id="org.eclipse.core.filesystem.aix.ppc64.nl_zh" unpack="false" version="4.5.0.v20151128060001" download-size="1450" install-size="1450" />
	<plugin fragment="true" id="org.eclipse.core.filesystem.hpux.ia64.nl_zh" unpack="false" version="4.5.0.v20151128060001" download-size="1424" install-size="1424" />
	<plugin fragment="true" id="org.eclipse.core.filesystem.java7.nl_zh" unpack="false" version="4.5.0.v20151128060001" download-size="1380" install-size="1380" />
	<plugin fragment="true" id="org.eclipse.core.filesystem.linux.ppc.nl_zh" unpack="false" version="4.5.0.v20151128060001" download-size="1372" install-size="1372" />
	<plugin fragment="true" id="org.eclipse.core.filesystem.linux.ppc64.nl_zh" unpack="false" version="4.5.0.v20151128060001" download-size="1374" install-size="1374" />
	<plugin fragment="true" id="org.eclipse.core.filesystem.linux.ppc64le.nl_zh" unpack="false" version="4.5.0.v20151128060001" download-size="1376" install-size="1376" />
	<plugin fragment="true" id="org.eclipse.core.filesystem.linux.x86.nl_zh" unpack="false" version="4.5.0.v20151128060001" download-size="1461" install-size="1461" />
	<plugin fragment="true" id="org.eclipse.core.filesystem.linux.x86_64.nl_zh" unpack="false" version="4.5.0.v20151128060001" download-size="1464" install-size="1464" />
	<plugin fragment="true" id="org.eclipse.core.filesystem.macosx.nl_zh" unpack="false" version="4.5.0.v20151128060001" download-size="1446" install-size="1446" />
	<plugin fragment="true" id="org.eclipse.core.filesystem.nl_zh" unpack="false" version="4.5.0.v20151128060001" download-size="2981" install-size="2981" />
	<plugin fragment="true" id="org.eclipse.core.filesystem.solaris.sparc.nl_zh" unpack="false" version="4.5.0.v20151128060001" download-size="1469" install-size="1469" />
	<plugin fragment="true" id="org.eclipse.core.filesystem.solaris.sparcv9.nl_zh" unpack="false" version="4.5.0.v20151128060001" download-size="1454" install-size="1454" />
	<plugin fragment="true" id="org.eclipse.core.filesystem.win32.ia64.nl_zh" unpack="false" version="4.5.0.v20151128060001" download-size="1373" install-size="1373" />
	<plugin fragment="true" id="org.eclipse.core.filesystem.win32.x86.nl_zh" unpack="false" version="4.5.0.v20151128060001" download-size="1467" install-size="1467" />
	<plugin fragment="true" id="org.eclipse.core.filesystem.win32.x86_64.nl_zh" unpack="false" version="4.5.0.v20151128060001" download-size="1475" install-size="1475" />
	<plugin fragment="true" id="org.eclipse.core.net.linux.x86.nl_zh" unpack="false" version="4.5.0.v20151128060001" download-size="1457" install-size="1457" />
	<plugin fragment="true" id="org.eclipse.core.net.linux.x86_64.nl_zh" unpack="false" version="4.5.0.v20151128060001" download-size="1465" install-size="1465" />
	<plugin fragment="true" id="org.eclipse.core.net.nl_zh" unpack="false" version="4.5.0.v20151128060001" download-size="2293" install-size="2293" />
	<plugin fragment="true" id="org.eclipse.core.net.win32.x86.nl_zh" unpack="false" version="4.5.0.v20151128060001" download-size="1458" install-size="1458" />
	<plugin fragment="true" id="org.eclipse.core.net.win32.x86_64.nl_zh" unpack="false" version="4.5.0.v20151128060001" download-size="1461" install-size="1461" />
	<plugin fragment="true" id="org.eclipse.core.resources.nl_zh" unpack="false" version="4.5.0.v20151128060001" download-size="10185" install-size="10185" />
	<plugin fragment="true" id="org.eclipse.core.variables.nl_zh" unpack="false" version="4.5.0.v20151128060001" download-size="2567" install-size="2567" />
	<plugin fragment="true" id="org.eclipse.debug.core.nl_zh" unpack="false" version="4.5.0.v20151128060001" download-size="7645" install-size="7645" />
	<plugin fragment="true" id="org.eclipse.debug.examples.core.nl_zh" unpack="false" version="4.5.0.v20151128060001" download-size="1887" install-size="1887" />
	<plugin fragment="true" id="org.eclipse.debug.examples.memory.nl_zh" unpack="false" version="4.5.0.v20151128060001" download-size="2614" install-size="2614" />
	<plugin fragment="true" id="org.eclipse.debug.examples.mixedmode.nl_zh" unpack="false" version="4.5.0.v20151128060001" download-size="1595" install-size="1595" />
	<plugin fragment="true" id="org.eclipse.debug.examples.ui.nl_zh" unpack="false" version="4.5.0.v20151128060001" download-size="3245" install-size="3245" />
	<plugin fragment="true" id="org.eclipse.debug.ui.nl_zh" unpack="false" version="4.5.0.v20151128060001" download-size="36131" install-size="36131" />
	<plugin fragment="true" id="org.eclipse.e4.core.commands.nl_zh" unpack="false" version="4.5.0.v20151128060001" download-size="1405" install-size="1405" />
	<plugin fragment="true" id="org.eclipse.e4.demo.contacts.nl_zh" unpack="false" version="4.5.0.v20151128060001" download-size="1693" install-size="1693" />
	<plugin fragment="true" id="org.eclipse.e4.demo.cssbridge.nl_zh" unpack="false" version="4.5.0.v20151128060001" download-size="1434" install-size="1434" />
	<plugin fragment="true" id="org.eclipse.e4.emf.xpath.nl_zh" unpack="false" version="4.5.0.v20151128060001" download-size="1624" install-size="1624" />
	<plugin fragment="true" id="org.eclipse.e4.ui.bindings.nl_zh" unpack="false" version="4.5.0.v20151128060001" download-size="1401" install-size="1401" />
	<plugin fragment="true" id="org.eclipse.e4.ui.css.core.nl_zh" unpack="false" version="4.5.0.v20151128060001" download-size="1478" install-size="1478" />
	<plugin fragment="true" id="org.eclipse.e4.ui.css.swt.nl_zh" unpack="false" version="4.5.0.v20151128060001" download-size="1398" install-size="1398" />
	<plugin fragment="true" id="org.eclipse.e4.ui.css.swt.theme.nl_zh" unpack="false" version="4.5.0.v20151128060001" download-size="1434" install-size="1434" />
	<plugin fragment="true" id="org.eclipse.e4.ui.di.nl_zh" unpack="false" version="4.5.0.v20151128060001" download-size="1405" install-size="1405" />
	<plugin fragment="true" id="org.eclipse.e4.ui.dialogs.nl_zh" unpack="false" version="4.5.0.v20151128060001" download-size="2461" install-size="2461" />
	<plugin fragment="true" id="org.eclipse.e4.ui.menu.tests.p3.nl_zh" unpack="false" version="4.5.0.v20151128060001" download-size="1611" install-size="1611" />
	<plugin fragment="true" id="org.eclipse.e4.ui.model.workbench.nl_zh" unpack="false" version="4.5.0.v20151128060001" download-size="1473" install-size="1473" />
	<plugin fragment="true" id="org.eclipse.e4.ui.progress.nl_zh" unpack="false" version="4.5.0.v20151128060001" download-size="3769" install-size="3769" />
	<plugin fragment="true" id="org.eclipse.e4.ui.services.nl_zh" unpack="false" version="4.5.0.v20151128060001" download-size="2511" install-size="2511" />
	<plugin fragment="true" id="org.eclipse.e4.ui.swt.gtk.nl_zh" unpack="false" version="4.5.0.v20151128060001" download-size="1374" install-size="1374" />
	<plugin fragment="true" id="org.eclipse.e4.ui.widgets.nl_zh" unpack="false" version="4.5.0.v20151128060001" download-size="1415" install-size="1415" />
	<plugin fragment="true" id="org.eclipse.e4.ui.workbench.addons.swt.nl_zh" unpack="false" version="4.5.0.v20151128060001" download-size="2816" install-size="2816" />
	<plugin fragment="true" id="org.eclipse.e4.ui.workbench.nl_zh" unpack="false" version="4.5.0.v20151128060001" download-size="1463" install-size="1463" />
	<plugin fragment="true" id="org.eclipse.e4.ui.workbench.renderers.swt.cocoa.nl_zh" unpack="false" version="4.5.0.v20151128060001" download-size="3117" install-size="3117" />
	<plugin fragment="true" id="org.eclipse.e4.ui.workbench.renderers.swt.nl_zh" unpack="false" version="4.5.0.v20151128060001" download-size="3658" install-size="3658" />
	<plugin fragment="true" id="org.eclipse.e4.ui.workbench.swt.nl_zh" unpack="false" version="4.5.0.v20151128060001" download-size="3533" install-size="3533" />
	<plugin fragment="true" id="org.eclipse.e4.ui.workbench3.nl_zh" unpack="false" version="4.5.0.v20151128060001" download-size="1363" install-size="1363" />
	<plugin fragment="true" id="org.eclipse.equinox.frameworkadmin.equinox.nl_zh" unpack="false" version="4.5.0.v20151128060001" download-size="3489" install-size="3489" />
	<plugin fragment="true" id="org.eclipse.equinox.frameworkadmin.nl_zh" unpack="false" version="4.5.0.v20151128060001" download-size="1410" install-size="1410" />
	<plugin fragment="true" id="org.eclipse.equinox.launcher.cocoa.macosx.x86_64.nl_zh" unpack="false" version="4.5.0.v20151128060001" download-size="1528" install-size="1528" />
	<plugin fragment="true" id="org.eclipse.equinox.launcher.gtk.aix.ppc.nl_zh" unpack="false" version="4.5.0.v20151128060001" download-size="1444" install-size="1444" />
	<plugin fragment="true" id="org.eclipse.equinox.launcher.gtk.aix.ppc64.nl_zh" unpack="false" version="4.5.0.v20151128060001" download-size="1451" install-size="1451" />
	<plugin fragment="true" id="org.eclipse.equinox.launcher.gtk.hpux.ia64.nl_zh" unpack="false" version="4.5.0.v20151128060001" download-size="1405" install-size="1405" />
	<plugin fragment="true" id="org.eclipse.equinox.launcher.gtk.hpux.ia64_32.nl_zh" unpack="false" version="4.5.0.v20151128060001" download-size="1461" install-size="1461" />
	<plugin fragment="true" id="org.eclipse.equinox.launcher.gtk.linux.ppc.nl_zh" unpack="false" version="4.5.0.v20151128060001" download-size="1460" install-size="1460" />
	<plugin fragment="true" id="org.eclipse.equinox.launcher.gtk.linux.ppc64.nl_zh" unpack="false" version="4.5.0.v20151128060001" download-size="1457" install-size="1457" />
	<plugin fragment="true" id="org.eclipse.equinox.launcher.gtk.linux.ppc64le.nl_zh" unpack="false" version="4.5.0.v20151128060001" download-size="1418" install-size="1418" />
	<plugin fragment="true" id="org.eclipse.equinox.launcher.gtk.linux.s390.nl_zh" unpack="false" version="4.5.0.v20151128060001" download-size="1513" install-size="1513" />
	<plugin fragment="true" id="org.eclipse.equinox.launcher.gtk.linux.s390x.nl_zh" unpack="false" version="4.5.0.v20151128060001" download-size="1517" install-size="1517" />
	<plugin fragment="true" id="org.eclipse.equinox.launcher.gtk.linux.x86.nl_zh" unpack="false" version="4.5.0.v20151128060001" download-size="1505" install-size="1505" />
	<plugin fragment="true" id="org.eclipse.equinox.launcher.gtk.linux.x86_64.nl_zh" unpack="false" version="4.5.0.v20151128060001" download-size="1518" install-size="1518" />
	<plugin fragment="true" id="org.eclipse.equinox.launcher.gtk.solaris.sparc.nl_zh" unpack="false" version="4.5.0.v20151128060001" download-size="1460" install-size="1460" />
	<plugin fragment="true" id="org.eclipse.equinox.launcher.gtk.solaris.x86.nl_zh" unpack="false" version="4.5.0.v20151128060001" download-size="1516" install-size="1516" />
	<plugin fragment="true" id="org.eclipse.equinox.launcher.nl_zh" unpack="false" version="4.5.0.v20151128060001" download-size="1408" install-size="1408" />
	<plugin fragment="true" id="org.eclipse.equinox.launcher.win32.win32.ia64.nl_zh" unpack="false" version="4.5.0.v20151128060001" download-size="1472" install-size="1472" />
	<plugin fragment="true" id="org.eclipse.equinox.launcher.win32.win32.x86.nl_zh" unpack="false" version="4.5.0.v20151128060001" download-size="1509" install-size="1509" />
	<plugin fragment="true" id="org.eclipse.equinox.launcher.win32.win32.x86_64.nl_zh" unpack="false" version="4.5.0.v20151128060001" download-size="1520" install-size="1520" />
	<plugin fragment="true" id="org.eclipse.equinox.launcher.wpf.win32.x86.nl_zh" unpack="false" version="4.5.0.v20151128060001" download-size="1505" install-size="1505" />
	<plugin fragment="true" id="org.eclipse.equinox.p2.artifact.optimizers.nl_zh" unpack="false" version="4.5.0.v20151128060001" download-size="2901" install-size="2901" />
	<plugin fragment="true" id="org.eclipse.equinox.p2.artifact.processors.nl_zh" unpack="false" version="4.5.0.v20151128060001" download-size="1375" install-size="1375" />
	<plugin fragment="true" id="org.eclipse.equinox.p2.artifact.repository.nl_zh" unpack="false" version="4.5.0.v20151128060001" download-size="5927" install-size="5927" />
	<plugin fragment="true" id="org.eclipse.equinox.p2.console.nl_zh" unpack="false" version="4.5.0.v20151128060001" download-size="2420" install-size="2420" />
	<plugin fragment="true" id="org.eclipse.equinox.p2.core.nl_zh" unpack="false" version="4.5.0.v20151128060001" download-size="2641" install-size="2641" />
	<plugin fragment="true" id="org.eclipse.equinox.p2.director.app.nl_zh" unpack="false" version="4.5.0.v20151128060001" download-size="2949" install-size="2949" />
	<plugin fragment="true" id="org.eclipse.equinox.p2.director.nl_zh" unpack="false" version="4.5.0.v20151128060001" download-size="2633" install-size="2633" />
	<plugin fragment="true" id="org.eclipse.equinox.p2.directorywatcher.nl_zh" unpack="false" version="4.5.0.v20151128060001" download-size="2976" install-size="2976" />
	<plugin fragment="true" id="org.eclipse.equinox.p2.discovery.compatibility.nl_zh" unpack="false" version="4.5.0.v20151128060001" download-size="2874" install-size="2874" />
	<plugin fragment="true" id="org.eclipse.equinox.p2.discovery.nl_zh" unpack="false" version="4.5.0.v20151128060001" download-size="3513" install-size="3513" />
	<plugin fragment="true" id="org.eclipse.equinox.p2.engine.nl_zh" unpack="false" version="4.5.0.v20151128060001" download-size="2575" install-size="2575" />
	<plugin fragment="true" id="org.eclipse.equinox.p2.examples.rcp.cloud.nl_zh" unpack="false" version="4.5.0.v20151128060001" download-size="1497" install-size="1497" />
	<plugin fragment="true" id="org.eclipse.equinox.p2.examples.rcp.discovery.nl_zh" unpack="false" version="4.5.0.v20151128060001" download-size="1497" install-size="1497" />
	<plugin fragment="true" id="org.eclipse.equinox.p2.examples.rcp.sdkbundlevisibility.nl_zh" unpack="false" version="4.5.0.v20151128060001" download-size="3275" install-size="3275" />
	<plugin fragment="true" id="org.eclipse.equinox.p2.extensionlocation.nl_zh" unpack="false" version="4.5.0.v20151128060001" download-size="2731" install-size="2731" />
	<plugin fragment="true" id="org.eclipse.equinox.p2.garbagecollector.nl_zh" unpack="false" version="4.5.0.v20151128060001" download-size="2492" install-size="2492" />
	<plugin fragment="true" id="org.eclipse.equinox.p2.installer.nl_zh" unpack="false" version="4.5.0.v20151128060001" download-size="2943" install-size="2943" />
	<plugin fragment="true" id="org.eclipse.equinox.p2.jarprocessor.nl_zh" unpack="false" version="4.5.0.v20151128060001" download-size="1370" install-size="1370" />
	<plugin fragment="true" id="org.eclipse.equinox.p2.metadata.nl_zh" unpack="false" version="4.5.0.v20151128060001" download-size="2423" install-size="2423" />
	<plugin fragment="true" id="org.eclipse.equinox.p2.metadata.repository.nl_zh" unpack="false" version="4.5.0.v20151128060001" download-size="2892" install-size="2892" />
	<plugin fragment="true" id="org.eclipse.equinox.p2.operations.nl_zh" unpack="false" version="4.5.0.v20151128060001" download-size="2883" install-size="2883" />
	<plugin fragment="true" id="org.eclipse.equinox.p2.publisher.eclipse.nl_zh" unpack="false" version="4.5.0.v20151128060001" download-size="3570" install-size="3570" />
	<plugin fragment="true" id="org.eclipse.equinox.p2.publisher.nl_zh" unpack="false" version="4.5.0.v20151128060001" download-size="2460" install-size="2460" />
	<plugin fragment="true" id="org.eclipse.equinox.p2.reconciler.dropins.nl_zh" unpack="false" version="4.5.0.v20151128060001" download-size="2973" install-size="2973" />
	<plugin fragment="true" id="org.eclipse.equinox.p2.repository.nl_zh" unpack="false" version="4.5.0.v20151128060001" download-size="4839" install-size="4839" />
	<plugin fragment="true" id="org.eclipse.equinox.p2.repository.tools.nl_zh" unpack="false" version="4.5.0.v20151128060001" download-size="4521" install-size="4521" />
	<plugin fragment="true" id="org.eclipse.equinox.p2.tests.discovery.nl_zh" unpack="false" version="4.5.0.v20151128060001" download-size="1463" install-size="1463" />
	<plugin fragment="true" id="org.eclipse.equinox.p2.tests.ui.nl_zh" unpack="false" version="4.5.0.v20151128060001" download-size="1365" install-size="1365" />
	<plugin fragment="true" id="org.eclipse.equinox.p2.tests.verifier.nl_zh" unpack="false" version="4.5.0.v20151128060001" download-size="4786" install-size="4786" />
	<plugin fragment="true" id="org.eclipse.equinox.p2.touchpoint.eclipse.nl_zh" unpack="false" version="4.5.0.v20151128060001" download-size="3936" install-size="3936" />
	<plugin fragment="true" id="org.eclipse.equinox.p2.touchpoint.natives.nl_zh" unpack="false" version="4.5.0.v20151128060001" download-size="3226" install-size="3226" />
	<plugin fragment="true" id="org.eclipse.equinox.p2.transport.ecf.nl_zh" unpack="false" version="4.5.0.v20151128060001" download-size="3538" install-size="3538" />
	<plugin fragment="true" id="org.eclipse.equinox.p2.ui.admin.nl_zh" unpack="false" version="4.5.0.v20151128060001" download-size="2919" install-size="2919" />
	<plugin fragment="true" id="org.eclipse.equinox.p2.ui.admin.rcp.nl_zh" unpack="false" version="4.5.0.v20151128060001" download-size="2999" install-size="2999" />
	<plugin fragment="true" id="org.eclipse.equinox.p2.ui.discovery.nl_zh" unpack="false" version="4.5.0.v20151128060001" download-size="4662" install-size="4662" />
	<plugin fragment="true" id="org.eclipse.equinox.p2.ui.importexport.nl_zh" unpack="false" version="4.5.0.v20151128060001" download-size="3136" install-size="3136" />
	<plugin fragment="true" id="org.eclipse.equinox.p2.ui.nl_zh" unpack="false" version="4.5.0.v20151128060001" download-size="4513" install-size="4513" />
	<plugin fragment="true" id="org.eclipse.equinox.p2.ui.sdk.nl_zh" unpack="false" version="4.5.0.v20151128060001" download-size="3158" install-size="3158" />
	<plugin fragment="true" id="org.eclipse.equinox.p2.ui.sdk.scheduler.nl_zh" unpack="false" version="4.5.0.v20151128060001" download-size="4650" install-size="4650" />
	<plugin fragment="true" id="org.eclipse.equinox.p2.updatechecker.nl_zh" unpack="false" version="4.5.0.v20151128060001" download-size="1368" install-size="1368" />
	<plugin fragment="true" id="org.eclipse.equinox.p2.updatesite.nl_zh" unpack="false" version="4.5.0.v20151128060001" download-size="2886" install-size="2886" />
	<plugin fragment="true" id="org.eclipse.equinox.simpleconfigurator.manipulator.nl_zh" unpack="false" version="4.5.0.v20151128060001" download-size="1431" install-size="1431" />
	<plugin fragment="true" id="org.eclipse.equinox.simpleconfigurator.nl_zh" unpack="false" version="4.5.0.v20151128060001" download-size="1411" install-size="1411" />
	<plugin fragment="true" id="org.eclipse.help.base.nl_zh" unpack="false" version="4.5.0.v20151128060001" download-size="3888" install-size="3888" />
	<plugin fragment="true" id="org.eclipse.help.nl_zh" unpack="false" version="4.5.0.v20151128060001" download-size="1534" install-size="1534" />
	<plugin fragment="true" id="org.eclipse.help.ui.nl_zh" unpack="false" version="4.5.0.v20151128060001" download-size="6435" install-size="6435" />
	<plugin fragment="true" id="org.eclipse.help.webapp.nl_zh" unpack="false" version="4.5.0.v20151128060001" download-size="4880" install-size="4880" />
	<plugin fragment="true" id="org.eclipse.jdt.annotation.nl_zh" unpack="false" version="4.5.0.v20151128060001" download-size="1360" install-size="1360" />
	<plugin fragment="true" id="org.eclipse.jdt.annotation_v1.nl_zh" unpack="false" version="4.5.0.v20151128060001" download-size="1363" install-size="1363" />
	<plugin fragment="true" id="org.eclipse.jdt.apt.core.nl_zh" unpack="false" version="4.5.0.v20151128060001" download-size="3913" install-size="3913" />
	<plugin fragment="true" id="org.eclipse.jdt.apt.pluggable.core.nl_zh" unpack="false" version="4.5.0.v20151128060001" download-size="1464" install-size="1464" />
	<plugin fragment="true" id="org.eclipse.jdt.apt.ui.nl_zh" unpack="false" version="4.5.0.v20151128060001" download-size="4744" install-size="4744" />
	<plugin fragment="true" id="org.eclipse.jdt.astview.nl_zh" unpack="false" version="4.5.0.v20151128060001" download-size="1361" install-size="1361" />
	<plugin fragment="true" id="org.eclipse.jdt.compiler.apt.nl_zh" unpack="false" version="4.5.0.v20151128060001" download-size="1392" install-size="1392" />
	<plugin fragment="true" id="org.eclipse.jdt.compiler.tool.nl_zh" unpack="false" version="4.5.0.v20151128060001" download-size="1442" install-size="1442" />
	<plugin fragment="true" id="org.eclipse.jdt.core.manipulation.nl_zh" unpack="false" version="4.5.0.v20151128060001" download-size="4239" install-size="4239" />
	<plugin fragment="true" id="org.eclipse.jdt.core.nl_zh" unpack="false" version="4.5.0.v20151128060001" download-size="24498" install-size="24498" />
	<plugin fragment="true" id="org.eclipse.jdt.core.tests.builder.nl_zh" unpack="false" version="4.5.0.v20151128060001" download-size="1410" install-size="1410" />
	<plugin fragment="true" id="org.eclipse.jdt.core.tests.compiler.nl_zh" unpack="false" version="4.5.0.v20151128060001" download-size="1411" install-size="1411" />
	<plugin fragment="true" id="org.eclipse.jdt.core.tests.model.nl_zh" unpack="false" version="4.5.0.v20151128060001" download-size="11271" install-size="11271" />
	<plugin fragment="true" id="org.eclipse.jdt.core.tests.performance.nl_zh" unpack="false" version="4.5.0.v20151128060001" download-size="1420" install-size="1420" />
	<plugin fragment="true" id="org.eclipse.jdt.debug.nl_zh" unpack="false" version="4.5.0.v20151128060001" download-size="22860" install-size="22860" />
	<plugin fragment="true" id="org.eclipse.jdt.debug.ui.nl_zh" unpack="false" version="4.5.0.v20151128060001" download-size="32122" install-size="32122" />
	<plugin fragment="true" id="org.eclipse.jdt.jeview.nl_zh" unpack="false" version="4.5.0.v20151128060001" download-size="1360" install-size="1360" />
	<plugin fragment="true" id="org.eclipse.jdt.junit.core.nl_zh" unpack="false" version="4.5.0.v20151128060001" download-size="4370" install-size="4370" />
	<plugin fragment="true" id="org.eclipse.jdt.junit.nl_zh" unpack="false" version="4.5.0.v20151128060001" download-size="10110" install-size="10110" />
	<plugin fragment="true" id="org.eclipse.jdt.junit.runtime.nl_zh" unpack="false" version="4.5.0.v20151128060001" download-size="2986" install-size="2986" />
	<plugin fragment="true" id="org.eclipse.jdt.junit4.runtime.nl_zh" unpack="false" version="4.5.0.v20151128060001" download-size="1425" install-size="1425" />
	<plugin fragment="true" id="org.eclipse.jdt.launching.macosx.nl_zh" unpack="false" version="4.5.0.v20151128060001" download-size="2557" install-size="2557" />
	<plugin fragment="true" id="org.eclipse.jdt.launching.nl_zh" unpack="false" version="4.5.0.v20151128060001" download-size="7633" install-size="7633" />
	<plugin fragment="true" id="org.eclipse.jdt.launching.ui.macosx.nl_zh" unpack="false" version="4.5.0.v20151128060001" download-size="3197" install-size="3197" />
	<plugin fragment="true" id="org.eclipse.jdt.nl_zh" unpack="false" version="4.5.0.v20151128060001" download-size="2640" install-size="2640" />
	<plugin fragment="true" id="org.eclipse.jdt.ui.examples.javafamily.nl_zh" unpack="false" version="4.5.0.v20151128060001" download-size="2884" install-size="2884" />
	<plugin fragment="true" id="org.eclipse.jdt.ui.examples.projects.nl_zh" unpack="false" version="4.5.0.v20151128060001" download-size="2823" install-size="2823" />
	<plugin fragment="true" id="org.eclipse.jdt.ui.nl_zh" unpack="false" version="4.5.0.v20151128060001" download-size="175032" install-size="175032" />
	<plugin fragment="true" id="org.eclipse.jdt.ui.tests.refactoring.nl_zh" unpack="false" version="4.5.0.v20151128060001" download-size="1413" install-size="1413" />
	<plugin fragment="true" id="org.eclipse.jface.databinding.nl_zh" unpack="false" version="4.5.0.v20151128060001" download-size="1428" install-size="1428" />
	<plugin fragment="true" id="org.eclipse.jface.examples.databinding.nl_zh" unpack="false" version="4.5.0.v20151128060001" download-size="1419" install-size="1419" />
	<plugin fragment="true" id="org.eclipse.jface.nl_zh" unpack="false" version="4.5.0.v20151128060001" download-size="5577" install-size="5577" />
	<plugin fragment="true" id="org.eclipse.jface.tests.databinding.conformance.nl_zh" unpack="false" version="4.5.0.v20151128060001" download-size="1446" install-size="1446" />
	<plugin fragment="true" id="org.eclipse.jface.tests.databinding.nl_zh" unpack="false" version="4.5.0.v20151128060001" download-size="1417" install-size="1417" />
	<plugin fragment="true" id="org.eclipse.jface.text.nl_zh" unpack="false" version="4.5.0.v20151128060001" download-size="12704" install-size="12704" />
	<plugin fragment="true" id="org.eclipse.jsch.core.nl_zh" unpack="false" version="4.5.0.v20151128060001" download-size="2503" install-size="2503" />
	<plugin fragment="true" id="org.eclipse.jsch.ui.nl_zh" unpack="false" version="4.5.0.v20151128060001" download-size="4119" install-size="4119" />
	<plugin fragment="true" id="org.eclipse.ltk.core.refactoring.nl_zh" unpack="false" version="4.5.0.v20151128060001" download-size="5682" install-size="5682" />
	<plugin fragment="true" id="org.eclipse.ltk.ui.refactoring.nl_zh" unpack="false" version="4.5.0.v20151128060001" download-size="8339" install-size="8339" />
	<plugin fragment="true" id="org.eclipse.newMultiEditor.nl_zh" unpack="false" version="4.5.0.v20151128060001" download-size="1432" install-size="1432" />
	<plugin fragment="true" id="org.eclipse.osgi.compatibility.plugins.nl_zh" unpack="false" version="4.5.0.v20151128060001" download-size="3008" install-size="3008" />
	<plugin fragment="true" id="org.eclipse.osgi.compatibility.state.nl_zh" unpack="false" version="4.5.0.v20151128060001" download-size="3139" install-size="3139" />
	<plugin fragment="true" id="org.eclipse.osgi.nl_zh" unpack="false" version="4.5.0.v20151128060001" download-size="6196" install-size="6196" />
	<plugin fragment="true" id="org.eclipse.osgi.services.nl_zh" unpack="false" version="4.5.0.v20151128060001" download-size="1443" install-size="1443" />
	<plugin fragment="true" id="org.eclipse.osgi.util.nl_zh" unpack="false" version="4.5.0.v20151128060001" download-size="1441" install-size="1441" />
	<plugin fragment="true" id="org.eclipse.pde.api.tools.annotations.nl_zh" unpack="false" version="4.5.0.v20151128060001" download-size="1597" install-size="1597" />
	<plugin fragment="true" id="org.eclipse.pde.api.tools.ee.cdcfoundation10.nl_zh" unpack="false" version="4.5.0.v20151128060001" download-size="1471" install-size="1471" />
	<plugin fragment="true" id="org.eclipse.pde.api.tools.ee.cdcfoundation11.nl_zh" unpack="false" version="4.5.0.v20151128060001" download-size="1471" install-size="1471" />
	<plugin fragment="true" id="org.eclipse.pde.api.tools.ee.j2se12.nl_zh" unpack="false" version="4.5.0.v20151128060001" download-size="1434" install-size="1434" />
	<plugin fragment="true" id="org.eclipse.pde.api.tools.ee.j2se13.nl_zh" unpack="false" version="4.5.0.v20151128060001" download-size="1435" install-size="1435" />
	<plugin fragment="true" id="org.eclipse.pde.api.tools.ee.j2se14.nl_zh" unpack="false" version="4.5.0.v20151128060001" download-size="1436" install-size="1436" />
	<plugin fragment="true" id="org.eclipse.pde.api.tools.ee.j2se15.nl_zh" unpack="false" version="4.5.0.v20151128060001" download-size="1434" install-size="1434" />
	<plugin fragment="true" id="org.eclipse.pde.api.tools.ee.javase16.nl_zh" unpack="false" version="4.5.0.v20151128060001" download-size="1443" install-size="1443" />
	<plugin fragment="true" id="org.eclipse.pde.api.tools.ee.javase17.nl_zh" unpack="false" version="4.5.0.v20151128060001" download-size="1443" install-size="1443" />
	<plugin fragment="true" id="org.eclipse.pde.api.tools.ee.javase18.nl_zh" unpack="false" version="4.5.0.v20151128060001" download-size="1594" install-size="1594" />
	<plugin fragment="true" id="org.eclipse.pde.api.tools.ee.jre11.nl_zh" unpack="false" version="4.5.0.v20151128060001" download-size="1379" install-size="1379" />
	<plugin fragment="true" id="org.eclipse.pde.api.tools.ee.osgiminimum10.nl_zh" unpack="false" version="4.5.0.v20151128060001" download-size="1401" install-size="1401" />
	<plugin fragment="true" id="org.eclipse.pde.api.tools.ee.osgiminimum11.nl_zh" unpack="false" version="4.5.0.v20151128060001" download-size="1401" install-size="1401" />
	<plugin fragment="true" id="org.eclipse.pde.api.tools.ee.osgiminimum12.nl_zh" unpack="false" version="4.5.0.v20151128060001" download-size="1401" install-size="1401" />
	<plugin fragment="true" id="org.eclipse.pde.api.tools.generator.nl_zh" unpack="false" version="4.5.0.v20151128060001" download-size="1786" install-size="1786" />
	<plugin fragment="true" id="org.eclipse.pde.api.tools.nl_zh" unpack="false" version="4.5.0.v20151128060001" download-size="14609" install-size="14609" />
	<plugin fragment="true" id="org.eclipse.pde.api.tools.ui.nl_zh" unpack="false" version="4.5.0.v20151128060001" download-size="12916" install-size="12916" />
	<plugin fragment="true" id="org.eclipse.pde.core.nl_zh" unpack="false" version="4.5.0.v20151128060001" download-size="9293" install-size="9293" />
	<plugin fragment="true" id="org.eclipse.pde.ds.core.nl_zh" unpack="false" version="4.5.0.v20151128060001" download-size="2732" install-size="2732" />
	<plugin fragment="true" id="org.eclipse.pde.ds.ui.nl_zh" unpack="false" version="4.5.0.v20151128060001" download-size="3134" install-size="3134" />
	<plugin fragment="true" id="org.eclipse.pde.junit.runtime.nl_zh" unpack="false" version="4.5.0.v20151128060001" download-size="1407" install-size="1407" />
	<plugin fragment="true" id="org.eclipse.pde.launching.nl_zh" unpack="false" version="4.5.0.v20151128060001" download-size="3296" install-size="3296" />
	<plugin fragment="true" id="org.eclipse.pde.nl_zh" unpack="false" version="4.5.0.v20151128060001" download-size="3116" install-size="3116" />
	<plugin fragment="true" id="org.eclipse.pde.runtime.nl_zh" unpack="false" version="4.5.0.v20151128060001" download-size="3651" install-size="3651" />
	<plugin fragment="true" id="org.eclipse.pde.ua.core.nl_zh" unpack="false" version="4.5.0.v20151128060001" download-size="1467" install-size="1467" />
	<plugin fragment="true" id="org.eclipse.pde.ua.ui.nl_zh" unpack="false" version="4.5.0.v20151128060001" download-size="16085" install-size="16085" />
	<plugin fragment="true" id="org.eclipse.pde.ui.nl_zh" unpack="false" version="4.5.0.v20151128060001" download-size="41041" install-size="41041" />
	<plugin fragment="true" id="org.eclipse.pde.ui.templates.nl_zh" unpack="false" version="4.5.0.v20151128060001" download-size="9918" install-size="9918" />
	<plugin fragment="true" id="org.eclipse.platform.nl_zh" unpack="false" version="4.5.0.v20151128060001" download-size="3722" install-size="3722" />
	<plugin fragment="true" id="org.eclipse.sdk.nl_zh" unpack="false" version="4.5.0.v20151128060001" download-size="2717" install-size="2717" />
	<plugin fragment="true" id="org.eclipse.search.nl_zh" unpack="false" version="4.5.0.v20151128060001" download-size="8940" install-size="8940" />
	<plugin fragment="true" id="org.eclipse.swt.cocoa.macosx.x86_64.nl_zh" unpack="false" version="4.5.0.v20151128060001" download-size="1420" install-size="1420" />
	<plugin fragment="true" id="org.eclipse.swt.examples.browser.demos.nl_zh" unpack="false" version="4.5.0.v20151128060001" download-size="2139" install-size="2139" />
	<plugin fragment="true" id="org.eclipse.swt.examples.launcher.nl_zh" unpack="false" version="4.5.0.v20151128060001" download-size="2217" install-size="2217" />
	<plugin fragment="true" id="org.eclipse.swt.examples.nl_zh" unpack="false" version="4.5.0.v20151128060001" download-size="19809" install-size="19809" />
	<plugin fragment="true" id="org.eclipse.swt.examples.ole.win32.nl_zh" unpack="false" version="4.5.0.v20151128060001" download-size="2405" install-size="2405" />
	<plugin fragment="true" id="org.eclipse.swt.examples.views.nl_zh" unpack="false" version="4.5.0.v20151128060001" download-size="2481" install-size="2481" />
	<plugin fragment="true" id="org.eclipse.swt.examples.watchdog.nl_zh" unpack="false" version="4.5.0.v20151128060001" download-size="1593" install-size="1593" />
	<plugin fragment="true" id="org.eclipse.swt.fragments.localbuild.nl_zh" unpack="false" version="4.5.0.v20151128060001" download-size="1365" install-size="1365" />
	<plugin fragment="true" id="org.eclipse.swt.gtk.aix.ppc.nl_zh" unpack="false" version="4.5.0.v20151128060001" download-size="1458" install-size="1458" />
	<plugin fragment="true" id="org.eclipse.swt.gtk.aix.ppc64.nl_zh" unpack="false" version="4.5.0.v20151128060001" download-size="1462" install-size="1462" />
	<plugin fragment="true" id="org.eclipse.swt.gtk.hpux.ia64.nl_zh" unpack="false" version="4.5.0.v20151128060001" download-size="1416" install-size="1416" />
	<plugin fragment="true" id="org.eclipse.swt.gtk.hpux.ia64_32.nl_zh" unpack="false" version="4.5.0.v20151128060001" download-size="1465" install-size="1465" />
	<plugin fragment="true" id="org.eclipse.swt.gtk.linux.ppc.nl_zh" unpack="false" version="4.5.0.v20151128060001" download-size="1416" install-size="1416" />
	<plugin fragment="true" id="org.eclipse.swt.gtk.linux.ppc64.nl_zh" unpack="false" version="4.5.0.v20151128060001" download-size="1463" install-size="1463" />
	<plugin fragment="true" id="org.eclipse.swt.gtk.linux.ppc64le.nl_zh" unpack="false" version="4.5.0.v20151128060001" download-size="1418" install-size="1418" />
	<plugin fragment="true" id="org.eclipse.swt.gtk.linux.s390.nl_zh" unpack="false" version="4.5.0.v20151128060001" download-size="1462" install-size="1462" />
	<plugin fragment="true" id="org.eclipse.swt.gtk.linux.s390x.nl_zh" unpack="false" version="4.5.0.v20151128060001" download-size="1463" install-size="1463" />
	<plugin fragment="true" id="org.eclipse.swt.gtk.linux.x86.nl_zh" unpack="false" version="4.5.0.v20151128060001" download-size="1462" install-size="1462" />
	<plugin fragment="true" id="org.eclipse.swt.gtk.linux.x86_64.nl_zh" unpack="false" version="4.5.0.v20151128060001" download-size="1466" install-size="1466" />
	<plugin fragment="true" id="org.eclipse.swt.gtk.solaris.sparc.nl_zh" unpack="false" version="4.5.0.v20151128060001" download-size="1463" install-size="1463" />
	<plugin fragment="true" id="org.eclipse.swt.gtk.solaris.x86.nl_zh" unpack="false" version="4.5.0.v20151128060001" download-size="1463" install-size="1463" />
	<plugin fragment="true" id="org.eclipse.swt.internal.accessibility.gtk.properties.nl_zh" unpack="false" version="4.5.0.v20151128060001" download-size="1744" install-size="1744" />
	<plugin fragment="true" id="org.eclipse.swt.internal.gnome.properties.nl_zh" unpack="false" version="4.5.0.v20151128060001" download-size="1663" install-size="1663" />
	<plugin fragment="true" id="org.eclipse.swt.nl_zh" unpack="false" version="4.5.0.v20151128060001" download-size="3211" install-size="3211" />
	<plugin fragment="true" id="org.eclipse.swt.opengl.examples.nl_zh" unpack="false" version="4.5.0.v20151128060001" download-size="1855" install-size="1855" />
	<plugin fragment="true" id="org.eclipse.swt.snippets.nl_zh" unpack="false" version="4.5.0.v20151128060001" download-size="1360" install-size="1360" />
	<plugin fragment="true" id="org.eclipse.swt.tools.nl_zh" unpack="false" version="4.5.0.v20151128060001" download-size="1491" install-size="1491" />
	<plugin fragment="true" id="org.eclipse.swt.win32.wce_ppc.arm.nl_zh" unpack="false" version="4.5.0.v20151128060001" download-size="1423" install-size="1423" />
	<plugin fragment="true" id="org.eclipse.swt.win32.win32.ia64.nl_zh" unpack="false" version="4.5.0.v20151128060001" download-size="1421" install-size="1421" />
	<plugin fragment="true" id="org.eclipse.swt.win32.win32.x86.nl_zh" unpack="false" version="4.5.0.v20151128060001" download-size="1464" install-size="1464" />
	<plugin fragment="true" id="org.eclipse.swt.win32.win32.x86_64.nl_zh" unpack="false" version="4.5.0.v20151128060001" download-size="1467" install-size="1467" />
	<plugin fragment="true" id="org.eclipse.team.core.nl_zh" unpack="false" version="4.5.0.v20151128060001" download-size="4814" install-size="4814" />
	<plugin fragment="true" id="org.eclipse.team.cvs.core.nl_zh" unpack="false" version="4.5.0.v20151128060001" download-size="8422" install-size="8422" />
	<plugin fragment="true" id="org.eclipse.team.cvs.ssh2.nl_zh" unpack="false" version="4.5.0.v20151128060001" download-size="3696" install-size="3696" />
	<plugin fragment="true" id="org.eclipse.team.cvs.ui.nl_zh" unpack="false" version="4.5.0.v20151128060001" download-size="28286" install-size="28286" />
	<plugin fragment="true" id="org.eclipse.team.examples.filesystem.nl_zh" unpack="false" version="4.5.0.v20151128060001" download-size="3348" install-size="3348" />
	<plugin fragment="true" id="org.eclipse.team.tests.core.nl_zh" unpack="false" version="4.5.0.v20151128060001" download-size="1362" install-size="1362" />
	<plugin fragment="true" id="org.eclipse.team.tests.cvs.core.nl_zh" unpack="false" version="4.5.0.v20151128060001" download-size="1625" install-size="1625" />
	<plugin fragment="true" id="org.eclipse.team.ui.nl_zh" unpack="false" version="4.5.0.v20151128060001" download-size="13775" install-size="13775" />
	<plugin fragment="true" id="org.eclipse.text.nl_zh" unpack="false" version="4.5.0.v20151128060001" download-size="4430" install-size="4430" />
	<plugin fragment="true" id="org.eclipse.ui.browser.nl_zh" unpack="false" version="4.5.0.v20151128060001" download-size="3707" install-size="3707" />
	<plugin fragment="true" id="org.eclipse.ui.cheatsheets.nl_zh" unpack="false" version="4.5.0.v20151128060001" download-size="5978" install-size="5978" />
	<plugin fragment="true" id="org.eclipse.ui.cocoa.nl_zh" unpack="false" version="4.5.0.v20151128060001" download-size="1442" install-size="1442" />
	<plugin fragment="true" id="org.eclipse.ui.console.nl_zh" unpack="false" version="4.5.0.v20151128060001" download-size="3597" install-size="3597" />
	<plugin fragment="true" id="org.eclipse.ui.editors.nl_zh" unpack="false" version="4.5.0.v20151128060001" download-size="14185" install-size="14185" />
	<plugin fragment="true" id="org.eclipse.ui.examples.contributions.nl_zh" unpack="false" version="4.5.0.v20151128060001" download-size="3390" install-size="3390" />
	<plugin fragment="true" id="org.eclipse.ui.examples.fieldassist.nl_zh" unpack="false" version="4.5.0.v20151128060001" download-size="3793" install-size="3793" />
	<plugin fragment="true" id="org.eclipse.ui.examples.javaeditor.nl_zh" unpack="false" version="4.5.0.v20151128060001" download-size="4202" install-size="4202" />
	<plugin fragment="true" id="org.eclipse.ui.examples.job.nl_zh" unpack="false" version="4.5.0.v20151128060001" download-size="1363" install-size="1363" />
	<plugin fragment="true" id="org.eclipse.ui.examples.multipageeditor.nl_zh" unpack="false" version="4.5.0.v20151128060001" download-size="2482" install-size="2482" />
	<plugin fragment="true" id="org.eclipse.ui.examples.navigator.nl_zh" unpack="false" version="4.5.0.v20151128060001" download-size="1433" install-size="1433" />
	<plugin fragment="true" id="org.eclipse.ui.examples.propertysheet.nl_zh" unpack="false" version="4.5.0.v20151128060001" download-size="3550" install-size="3550" />
	<plugin fragment="true" id="org.eclipse.ui.examples.rcp.browser.nl_zh" unpack="false" version="4.5.0.v20151128060001" download-size="1577" install-size="1577" />
	<plugin fragment="true" id="org.eclipse.ui.examples.readmetool.nl_zh" unpack="false" version="4.5.0.v20151128060001" download-size="4615" install-size="4615" />
	<plugin fragment="true" id="org.eclipse.ui.examples.undo.nl_zh" unpack="false" version="4.5.0.v20151128060001" download-size="2893" install-size="2893" />
	<plugin fragment="true" id="org.eclipse.ui.examples.views.properties.tabbed.article.nl_zh" unpack="false" version="4.5.0.v20151128060001" download-size="1526" install-size="1526" />
	<plugin fragment="true" id="org.eclipse.ui.examples.views.properties.tabbed.hockeyleague.nl_zh" unpack="false" version="4.5.0.v20151128060001" download-size="2474" install-size="2474" />
	<plugin fragment="true" id="org.eclipse.ui.examples.views.properties.tabbed.logic.nl_zh" unpack="false" version="4.5.0.v20151128060001" download-size="2286" install-size="2286" />
	<plugin fragment="true" id="org.eclipse.ui.externaltools.nl_zh" unpack="false" version="4.5.0.v20151128060001" download-size="9128" install-size="9128" />
	<plugin fragment="true" id="org.eclipse.ui.forms.examples.nl_zh" unpack="false" version="4.5.0.v20151128060001" download-size="1467" install-size="1467" />
	<plugin fragment="true" id="org.eclipse.ui.forms.nl_zh" unpack="false" version="4.5.0.v20151128060001" download-size="2437" install-size="2437" />
	<plugin fragment="true" id="org.eclipse.ui.ide.application.nl_zh" unpack="false" version="4.5.0.v20151128060001" download-size="1682" install-size="1682" />
	<plugin fragment="true" id="org.eclipse.ui.ide.nl_zh" unpack="false" version="4.5.0.v20151128060001" download-size="34808" install-size="34808" />
	<plugin fragment="true" id="org.eclipse.ui.images.nl_zh" unpack="false" version="4.5.0.v20151128060001" download-size="1402" install-size="1402" />
	<plugin fragment="true" id="org.eclipse.ui.intro.nl_zh" unpack="false" version="4.5.0.v20151128060001" download-size="3937" install-size="3937" />
	<plugin fragment="true" id="org.eclipse.ui.intro.universal.nl_zh" unpack="false" version="4.5.0.v20151128060001" download-size="10815" install-size="10815" />
	<plugin fragment="true" id="org.eclipse.ui.monitoring.nl_zh" unpack="false" version="4.5.0.v20151128060001" download-size="2829" install-size="2829" />
	<plugin fragment="true" id="org.eclipse.ui.navigator.nl_zh" unpack="false" version="4.5.0.v20151128060001" download-size="4256" install-size="4256" />
	<plugin fragment="true" id="org.eclipse.ui.navigator.resources.nl_zh" unpack="false" version="4.5.0.v20151128060001" download-size="3750" install-size="3750" />
	<plugin fragment="true" id="org.eclipse.ui.net.nl_zh" unpack="false" version="4.5.0.v20151128060001" download-size="2850" install-size="2850" />
	<plugin fragment="true" id="org.eclipse.ui.nl_zh" unpack="false" version="4.5.0.v20151128060001" download-size="6101" install-size="6101" />
	<plugin fragment="true" id="org.eclipse.ui.tests.navigator.nl_zh" unpack="false" version="4.5.0.v20151128060001" download-size="1520" install-size="1520" />
	<plugin fragment="true" id="org.eclipse.ui.tests.rcp.nl_zh" unpack="false" version="4.5.0.v20151128060001" download-size="1360" install-size="1360" />
	<plugin fragment="true" id="org.eclipse.ui.tests.views.properties.tabbed.nl_zh" unpack="false" version="4.5.0.v20151128060001" download-size="1530" install-size="1530" />
	<plugin fragment="true" id="org.eclipse.ui.themes.nl_zh" unpack="false" version="4.5.0.v20151128060001" download-size="1358" install-size="1358" />
	<plugin fragment="true" id="org.eclipse.ui.trace.nl_zh" unpack="false" version="4.5.0.v20151128060001" download-size="2922" install-size="2922" />
	<plugin fragment="true" id="org.eclipse.ui.views.log.nl_zh" unpack="false" version="4.5.0.v20151128060001" download-size="3891" install-size="3891" />
	<plugin fragment="true" id="org.eclipse.ui.views.nl_zh" unpack="false" version="4.5.0.v20151128060001" download-size="3323" install-size="3323" />
	<plugin fragment="true" id="org.eclipse.ui.views.properties.tabbed.nl_zh" unpack="false" version="4.5.0.v20151128060001" download-size="3195" install-size="3195" />
	<plugin fragment="true" id="org.eclipse.ui.win32.nl_zh" unpack="false" version="4.5.0.v20151128060001" download-size="2771" install-size="2771" />
	<plugin fragment="true" id="org.eclipse.ui.workbench.nl_zh" unpack="false" version="4.5.0.v20151128060001" download-size="29898" install-size="29898" />
	<plugin fragment="true" id="org.eclipse.ui.workbench.texteditor.nl_zh" unpack="false" version="4.5.0.v20151128060001" download-size="14556" install-size="14556" />
	<plugin fragment="true" id="org.eclipse.update.configurator.nl_zh" unpack="false" version="4.5.0.v20151128060001" download-size="3505" install-size="3505" />
	<plugin fragment="true" id="org.eclipse.update.core.nl_zh" unpack="false" version="4.5.0.v20151128060001" download-size="8895" install-size="8895" />
</feature>